pl_r_uni_detected,pl_contrast_uni_detected,pl_universe_full_detected
1.9229318,9.565985377836622e-06,70.0
2.0520446,9.001386786971494e-06,78.0
1.1485957,2.2305490068281628e-05,141.0
1.5408283,1.4037374940069712e-05,146.0
1.3731078,1.9018648304995147e-05,176.0
1.2588271,1.61972720955155e-05,201.0
1.6692403,1.181848589454307e-05,205.0
1.0686614,2.6697138388400652e-05,234.0
1.7116885,1.4528969259978607e-05,239.0
1.4120435,0.009421162704427114,34.0
1.9918197,0.010952704245208028,116.0
0.66798406,0.0050500763984280715,138.0
0.76192256,0.0057907476632018985,140.0
1.1394235,0.00572318133963054,152.0
1.4120435,7.63033336036965e-05,34.0
1.9918197,8.870750586782795e-05,116.0
0.66798406,4.09012853553985e-05,138.0
0.76192256,4.690008702986195e-05,140.0
1.4120435,8.28135475103304e-05,34.0
1.9918197,9.627604594397936e-05,116.0
0.66798406,4.4390990249589434e-05,138.0
0.76192256,5.090161074296678e-05,140.0
1.1485957,2.5134762015512624e-05,141.0
1.0686614,3.25633578095893e-05,234.0
1.4120435,0.00012010556240423115,34.0
1.9918197,0.0001396303985494016,116.0
0.66798406,6.438082910217833e-05,138.0
0.76192256,7.382326647463884e-05,140.0
1.1394235,7.296189813330759e-05,152.0
1.0177608,5.990426833405284e-05,191.0
1.1485957,1.7937385005517025e-05,141.0
1.3731078,1.3525283690996872e-05,176.0
1.2588271,1.3012749332415985e-05,201.0
1.6692403,9.660210113239117e-06,205.0
1.0686614,2.305801404443452e-05,234.0
1.7116885,1.1724765064342357e-05,239.0
1.1485957,5.4183592488335384e-05,141.0
1.5408283,3.4518962767945754e-05,146.0
1.3731078,4.085592518512052e-05,176.0
1.2588271,3.93077088306699e-05,201.0
1.6692403,2.9180668640744245e-05,205.0
1.0686614,6.965151476593076e-05,234.0
1.7116885,3.541708515886796e-05,239.0
1.4120435,0.0005697189802134738,34.0
1.9918197,0.0006623347551600473,116.0
0.66798406,0.0003053895220767796,138.0
0.76192256,0.000350179585774764,140.0
0.62539673,0.0009284412954243577,69.0
0.44226457,0.0012628032322026736,79.0
1.0349867,0.0012182336255210644,120.0
0.39280086,0.0018196062100166261,219.0
0.34232178,2.5817641936835565e-06,66.0
1.2910799,5.193579833420195e-06,110.0
1.1485957,1.3626939676108073e-05,141.0
1.5408283,8.844445260413355e-06,146.0
1.3731078,9.879781537887287e-06,176.0
1.2588271,9.98192410006523e-06,201.0
1.6692403,7.512868270287712e-06,205.0
1.0686614,1.7972800721709075e-05,234.0
1.7116885,9.026410136749366e-06,239.0
0.79488386,1.1213361448188627e-05,76.0
1.3731078,2.217943557663145e-05,176.0
1.2588271,2.1338956142213237e-05,201.0
1.0686614,3.781168282363068e-05,234.0
0.28316464,9.188822490090387e-05,12.0
0.15110193,0.00010970745409234226,37.0
0.79488386,0.00015653170686821832,76.0
1.2910799,0.00015109013660184783,110.0
0.72318039,0.00010723434085268695,133.0
1.1485957,0.00039643102506666265,141.0
1.5408283,0.0002573000676651597,146.0
0.90234554,0.00012889562535842985,156.0
1.3731078,0.00028741977403527703,176.0
1.2588271,0.0002903912761912706,201.0
1.6692403,0.00021856221135276897,205.0
0.93657634,0.00011036386638251643,211.0
0.83419367,0.0001068376185350411,217.0
1.0686614,0.0005228595695567739,234.0
1.7116885,0.00026259373771629266,239.0
0.73689494,0.00012261118107953774,244.0
3.0686472,2.939309250546429e-05,12.0
1.1485957,2.6771412680209726e-05,141.0
1.5408283,1.705537331716078e-05,146.0
1.2588271,1.9421430848202383e-05,201.0
1.0686614,3.441391314172959e-05,234.0
0.73689494,8.019229899647819e-06,244.0
1.4120435,0.00011100197344215765,34.0
1.9918197,0.00012904689409249664,116.0
0.66798406,5.950098346096521e-05,138.0
0.62539673,0.000145252628955739,69.0
0.44226457,0.0001975628294812165,79.0
1.0349867,0.00019059001108770888,120.0
0.39280086,0.00028467344889942646,219.0
1.4120435,7.148494323618002e-05,34.0
1.9918197,8.310581886919795e-05,116.0
0.66798406,3.831845771120829e-05,138.0
0.76192256,4.3938448043627276e-05,140.0
1.4120435,9.668521854451141e-05,34.0
1.9918197,0.000112402750788256,116.0
0.66798406,5.182669650945042e-05,138.0
0.76192256,5.942787752616779e-05,140.0
3.0686472,5.172113359048826e-05,12.0
0.79488386,1.7958358073198018e-05,76.0
1.1485957,4.710793229333753e-05,141.0
1.5408283,3.0011243002366274e-05,146.0
1.2588271,3.417464219634491e-05,201.0
1.0686614,6.055594860064377e-05,234.0
0.73689494,1.411092285901582e-05,244.0
0.79488386,1.3255567017700151e-05,76.0
1.1485957,3.47716840835002e-05,141.0
1.5408283,2.2152138924998588e-05,146.0
1.3731078,2.6218810127474597e-05,176.0
1.2588271,2.5225260466081273e-05,201.0
1.6692403,1.872635136807689e-05,205.0
1.0686614,4.46980415316607e-05,234.0
1.7116885,2.2728498420766383e-05,239.0
1.1485957,2.148829437227606e-05,141.0
1.3731078,1.6202767422971374e-05,176.0
1.0686614,2.762261016722839e-05,234.0
2.2554092,0.0002899212984716132,10.0
3.1468225,0.0012497973593827837,12.0
1.1372042,0.0003180515754833557,13.0
0.92239116,0.0009536361507481095,20.0
3.6060317,0.0006854188754053335,20.0
2.8035747,0.0009465071267131044,24.0
2.7367606,0.000783465073311176,25.0
1.4657216,0.00016744682185863803,25.0
2.2385506,0.0004333098751542134,26.0
1.3873404,0.00021638523986048682,26.0
1.3251392,0.0002057155146965134,28.0
1.1963938,0.0002150531079698008,29.0
1.944491,0.00026993159683711055,31.0
3.1687925,0.0013880311895908188,31.0
0.57150117,0.0015787438413629334,32.0
6.7177873,0.0014564279204474797,32.0
2.7996933,0.0004965516399214966,34.0
1.4323608,0.0002839240364669988,34.0
0.75387551,0.0005497869889601309,37.0
0.68644846,0.00035758423387203126,44.0
1.0987342,0.0011325649646411662,44.0
1.4134481,0.00014795725422230246,46.0
2.3012109,0.0002971097419272875,46.0
1.9396009,0.000558856006356469,55.0
1.4373537,0.0005593194364456229,65.0
0.71421304,0.00025792911414449497,67.0
1.9708849,0.0006981048182056238,70.0
2.2321058,0.0006881923582440382,75.0
1.4087524,0.0002920240530548932,75.0
1.300431,0.000522483964099008,76.0
0.80023692,0.0003988859674455665,76.0
2.0700828,0.0006098713495082812,78.0
1.6399455,0.0003981409915933148,83.0
2.7754293,0.0004473757489977568,89.0
3.2818262,0.00159072204596157,96.0
1.2478623,0.00018782105237431302,100.0
1.9778016,0.0002897479025699178,100.0
2.1337033,0.0003328782205927244,101.0
1.3329702,0.00022131373956127631,101.0
2.054462,0.0006670762690114328,110.0
1.2989363,0.0003524511885389476,110.0
4.5411801,0.0014317415517669262,115.0
5.2036369,0.0010387644943153252,116.0
1.3539474,0.00017099350778533768,118.0
2.1790376,0.0004977790286365572,118.0
1.4985217,0.000408793403676447,122.0
1.2538277,0.0005006512485125334,128.0
0.67800272,0.0002463968708725783,130.0
1.4462803,0.00011291361654935008,132.0
0.74192671,0.00025722838361815344,133.0
1.5635298,0.001584071783425685,133.0
2.1405059,0.0011363915470484392,141.0
0.85205246,0.0004601166151089251,141.0
1.6021372,0.0009449003007475682,146.0
1.1241185,0.0006663256118572544,156.0
1.2289486,0.00019015251164609782,169.0
1.2045202,0.0006940277323489887,172.0
3.3898328,0.0004184175540031726,172.0
3.427828,0.0004162417577916604,173.0
1.3448549,0.00015860952648438925,173.0
1.5864137,0.0004355227661115492,174.0
1.557414,0.0005800070071227581,176.0
1.3699615,0.00016138400267881725,181.0
1.9386309,0.0014918693425073522,189.0
4.8779155,0.000322560744833034,192.0
1.6997595,0.0003146997181709296,193.0
1.8590368,0.00020735321683024125,194.0
2.9882234,0.001636192307118782,194.0
0.64628116,0.0002817656618349653,197.0
3.6049278,0.00025011506631052594,198.0
1.4407772,0.0009302017857352723,201.0
3.6755646,0.0007594375852703023,202.0
1.2503847,0.00025068755960973706,202.0
1.7255508,0.0008827408686503823,205.0
1.4968257,0.00015446279815620163,209.0
1.1052315,0.0007014006472424129,211.0
2.4780252,0.0005066915578632711,212.0
1.9616982,0.001333021413980437,212.0
0.60768439,0.00021939994524304443,212.0
6.9869616,0.0014916685657134863,213.0
1.3371963,0.00016016493184007892,215.0
1.8179875,0.00016511100733065947,220.0
1.4710691,0.0002071199093254445,222.0
1.9302971,0.0002330998476917592,222.0
3.4184895,0.0002454272145710997,233.0
1.2585081,0.00013314185111436348,233.0
1.0998522,0.0011284077269484724,234.0
1.362762,0.00014833416631352886,236.0
7.7848283,0.0008119623828438563,236.0
1.8898388,0.0008928318365928501,239.0
1.1818651,0.0006338841818225642,244.0
0.75055665,0.0003606167895649208,244.0
2.5052365,0.0004441812570125724,248.0
1.4120435,7.466465059573626e-05,34.0
0.66798406,4.002289330946612e-05,138.0
0.76192256,4.589286529972311e-05,140.0
0.28316453,1.8341351578409808e-06,12.0
1.1485957,9.232611203390365e-06,141.0
1.2588271,6.9259114517996704e-06,201.0
1.0686614,1.1961315645132178e-05,234.0
1.4120435,0.0001313657387655502,34.0
1.9918197,0.00015272107379869497,116.0
1.0686614,4.659576409325115e-05,234.0
1.1249623,0.00032638319461465737,7.0
0.70200592,0.0002756945483218546,7.0
0.71816131,0.0002673929418635413,10.0
0.92128779,0.0003132250476999283,20.0
1.0533116,0.0002023265446781919,24.0
1.3362844,0.000247374477180245,28.0
1.4334573,0.00025260460727987994,34.0
0.15110271,0.00034754913360401896,37.0
1.4148871,0.0003903366616650895,65.0
0.34232179,0.0002398632596620703,66.0
1.9229318,0.0005585225476168151,70.0
1.3596,0.00022218073745875435,75.0
1.2705104,0.0002685887383525309,76.0
0.79488386,0.00047912733742418813,76.0
2.0520446,0.0005255577216322942,78.0
1.2964749,0.00020841920229799568,101.0
2.0550084,0.00040691966628390446,110.0
1.2910799,0.00046218618213715774,110.0
0.95953441,0.00031762774867638175,118.0
1.3566593,0.00023988696437819468,122.0
1.137507,0.0003234358917025278,128.0
0.72318039,0.0003318443411473265,133.0
1.1485957,0.0013023351643043817,141.0
1.5408283,0.0008195904659801208,146.0
0.90234554,0.00040215042743079106,156.0
1.4496563,0.00040368604574100815,156.0
1.3731078,0.0011104286159735262,176.0
1.2588271,0.0009456988818099093,201.0
1.6692403,0.0006900377316159353,205.0
0.93657634,0.00034634339176405944,211.0
1.0686614,0.0015587472861201862,234.0
1.7116885,0.000848292842275365,239.0
1.1618949,0.0002964206284680223,244.0
0.73689494,0.0003773759557788265,244.0
1.0214174,0.00016187348152732974,249.0
3.0686472,5.336115085202818e-05,12.0
1.1485957,4.860167028307728e-05,141.0
1.0686614,6.247610761688448e-05,234.0
1.0686614,8.318589959761887e-05,234.0
1.0686614,2.4052163540211683e-05,234.0
1.0686614,6.154673301067666e-05,234.0
1.0686614,7.304692954978906e-05,234.0
0.38410276,1.0779987391913938e-05,19.0
0.60444645,2.385340702991178e-05,19.0
1.4120435,0.00013707605445467214,34.0
0.53636729,1.9420189148103586e-05,58.0
1.0134314,3.173299282782209e-05,67.0
0.95756232,3.104956212401082e-05,71.0
0.45468523,1.6132704271263202e-05,71.0
1.5083043,3.374413959733019e-05,80.0
1.4670106,3.793761598525274e-05,114.0
1.9918197,0.0001551766818892362,116.0
0.91542261,2.238222522326962e-05,116.0
0.66798406,6.996749511168574e-05,138.0
0.76192256,7.994841951909266e-05,140.0
1.3985923,4.772574292601284e-05,150.0
1.1394235,7.918364485017004e-05,152.0
1.0177608,6.464840506594092e-05,191.0
0.81968499,1.4649116413060544e-05,199.0
0.47675658,2.3390804353010133e-05,199.0
0.39346561,7.607086577986765e-06,211.0
1.5800909,4.230714505340106e-05,235.0
0.076145984,1.9135254086658728e-05,14.0
0.60444645,1.899094873290669e-05,19.0
1.4120435,0.00010913343822932428,34.0
1.3380433,3.123253506180742e-05,38.0
0.53636729,1.5461431401917014e-05,58.0
1.0134314,2.5264300365107793e-05,67.0
0.95756232,2.4720185327692016e-05,71.0
1.5083043,2.6865479817006735e-05,80.0
1.2941754,3.125229368739141e-05,106.0
1.4670106,3.020412636740642e-05,114.0
1.9918197,0.0001235442973243036,116.0
0.66798406,5.570479349007434e-05,138.0
0.76192256,6.365113102962971e-05,140.0
1.3985923,3.799696772923201e-05,150.0
1.1394235,6.304225379412525e-05,152.0
1.0177608,5.1469986854788085e-05,191.0
0.47675658,1.862264647278393e-05,199.0
1.5800909,3.368293769260172e-05,235.0
3.0686472,0.00013393234228515786,12.0
3.3298596,0.00012152708798918562,20.0
0.79488386,4.605982872199282e-05,76.0
1.1485957,0.00012519706124257594,141.0
1.5408283,7.878948566819345e-05,146.0
0.90234554,3.8659826649673034e-05,156.0
1.3731078,0.00010674855693833817,176.0
1.0686614,0.0001498466637398399,234.0
1.7116885,8.15487240434872e-05,239.0
1.0686614,5.675161458764296e-05,234.0
0.17139503,2.6300905717782568e-05,14.0
0.90503546,1.7900310844042405e-05,58.0
0.62539673,5.307976043285423e-05,69.0
0.077015696,2.0583225863487455e-05,71.0
0.44226457,7.300011402145764e-05,79.0
0.067357976,6.533121715691168e-05,109.0
0.9229038,1.5248672020603169e-05,114.0
1.4470508,5.3163581456203e-05,116.0
0.84641671,1.5882152952933788e-05,116.0
1.0349867,7.013057184322228e-05,120.0
1.2790937,2.4184050244623384e-05,150.0
0.23728187,1.5906736887731898e-05,191.0
0.39280086,0.0001101241443918181,219.0
0.78617327,3.599926740265212e-05,235.0
0.67323458,3.94268761866149e-05,246.0
1.0394513,0.0003372584276743083,7.0
2.2554092,0.0001947241005861502,10.0
3.1468225,0.0008394197597890055,12.0
0.92239116,0.0006405046566768371,20.0
3.6060317,0.0004603579479730504,20.0
2.8035747,0.0006357164855400808,24.0
2.7367606,0.0005262101561542172,25.0
1.4657216,0.00011246476872972864,25.0
2.2385506,0.0002910302766968418,26.0
1.3873404,0.00014533399730919428,26.0
1.944491,0.0001812981236321144,31.0
3.1687925,0.0009322637778026519,31.0
0.57150117,0.0010603549176481806,32.0
6.7177873,0.0009782020788840413,32.0
2.7996933,0.0003335062721780632,34.0
1.4323608,0.00019069607140725036,34.0
0.75387551,0.00036926151167093876,37.0
0.68644846,0.00024016955184593493,44.0
1.0987342,0.0007606812443851186,44.0
2.3012109,0.0001995521804612735,46.0
1.9396009,0.0003753526690471357,55.0
1.4373537,0.00037566392940562227,65.0
0.71421304,0.00017323671986688104,67.0
1.9708849,0.0004688783940903119,70.0
2.2321058,0.0004622207429939907,75.0
1.4087524,0.00019613640453601923,75.0
1.300431,0.0003509235800067549,76.0
0.80023692,0.0002679096418812412,76.0
2.0700828,0.0004096168533747411,78.0
1.6399455,0.00026740928280602716,83.0
2.7754293,0.00030047754617163174,89.0
3.2818262,0.0010684000151605108,96.0
1.9778016,0.0001946076401495388,100.0
2.1337033,0.00022357588922009738,101.0
1.3329702,0.000148644197962043,101.0
2.054462,0.00044803823379100245,110.0
1.2989363,0.00023672196920532902,110.0
4.5411801,0.0009616216104486379,115.0
5.2036369,0.0006976806565875117,116.0
0.94905632,0.00018159703213218044,117.0
2.1790376,0.000334330641290887,118.0
1.4985217,0.0002745639188155089,122.0
1.2538277,0.0003362597525186015,128.0
0.67800272,0.00016549114991150734,130.0
0.74192671,0.00017276607792986369,133.0
1.5635298,0.0010639334016423327,133.0
2.1405059,0.0007632513481391458,141.0
0.85205246,0.00030903488123899093,141.0
1.6021372,0.000634637269412852,146.0
1.1241185,0.0004475340588995199,156.0
1.2045202,0.000466140041024735,172.0
3.3898328,0.00028102792827654986,172.0
2.1238417,0.00015061665901783996,173.0
3.427828,0.0002795665663049424,173.0
1.5864137,0.0002925165531575021,174.0
1.557414,0.0003895586263963364,176.0
1.9386309,0.001002006121810465,189.0
4.8779155,0.00021664621141368457,192.0
1.6997595,0.0002113663945994959,193.0
1.8590368,0.0001392676870025365,194.0
2.9882234,0.0010989398746117933,194.0
0.64628116,0.00018924641054698897,197.0
2.1864428,0.00017076612938657438,198.0
1.4407772,0.000624765089856502,201.0
3.6755646,0.0005100722214016859,202.0
1.7255508,0.0005928882169221256,205.0
1.1052315,0.0004710920201614469,211.0
2.4780252,0.0003403166942189356,212.0
1.9616982,0.000895316754125375,212.0
6.9869616,0.0010018712711430246,213.0
1.8179875,0.00011089593130559155,220.0
1.4710691,0.00013911098725584344,222.0
1.9302971,0.00015656027490160582,222.0
1.0998522,0.0007578890577644707,234.0
7.7848283,0.0005453502227761909,236.0
1.8898388,0.0005996657619558991,239.0
1.1818651,0.000425744944686332,244.0
0.75055665,0.00024220635177366824,244.0
2.5052365,0.00029833198259308804,248.0
2.3377476,0.0005229676604196933,10.0
0.75435599,0.0002546454755489571,19.0
1.4813553,0.0004859163337884395,34.0
2.5936471,0.00030796742992063834,40.0
1.6364172,0.0007283561175017479,67.0
1.4246696,0.0004183237952258088,69.0
0.89447772,0.0002297009383016997,69.0
1.0064024,0.00023904453236344065,71.0
1.2521897,0.0007895147529203207,78.0
2.0547252,0.0006694536415268065,116.0
1.788246,0.0007938324068656127,130.0
2.6143336,0.0003222246932519245,131.0
0.71281569,0.0003694682544729329,138.0
1.0636235,0.0004030717674775933,140.0
1.9190458,0.0007916427886964023,152.0
1.1732829,0.0003262525141066396,152.0
1.0870907,0.00036315514324009816,191.0
3.3189486,0.0008075735372420293,214.0
0.89883741,0.0005271371292569297,224.0
2.5758345,0.000524574523334781,235.0
1.3662522,0.000694439832191983,236.0
0.66798406,2.5610508555576693e-05,138.0
0.76192256,3.0263772501042123e-05,140.0
1.1394235,2.980718829090654e-05,152.0
1.0177608,2.3365135976682748e-05,191.0
1.1249623,1.0001186187813505e-05,7.0
0.70200592,8.447961029327419e-06,7.0
0.28316466,8.679395918641753e-06,12.0
0.92128779,9.597988108524603e-06,20.0
1.3362844,7.580164191093252e-06,28.0
1.4334573,7.740428278754692e-06,34.0
0.15110271,1.0649762769467577e-05,37.0
1.4148871,1.1960878175272336e-05,65.0
0.34232179,7.350001958061883e-06,66.0
1.9229318,1.7114508592890793e-05,70.0
1.2705104,8.230221483630746e-06,76.0
0.79488386,1.468164350467891e-05,76.0
1.5031871,8.12860312492e-06,83.0
1.2910799,1.416252471713756e-05,110.0
1.3566593,7.350728329037445e-06,122.0
1.137507,9.910873556334719e-06,128.0
0.72318039,1.0168529188842222e-05,133.0
1.1485957,3.990676196586221e-05,141.0
1.5408283,2.5114273600090233e-05,146.0
0.90234554,1.2322881099906667e-05,156.0
1.4496563,1.2369936232913845e-05,156.0
1.3731078,3.4026271940070535e-05,176.0
0.27337592,5.681443671205155e-06,197.0
1.2588271,2.8978546538692412e-05,201.0
1.6692403,2.1144458245331274e-05,205.0
0.93657634,1.0612815865230939e-05,211.0
0.83419367,1.0325925647614167e-05,217.0
1.0686614,4.776386188217327e-05,234.0
1.7116885,2.5993785211281954e-05,239.0
1.1618949,9.083059251005462e-06,244.0
0.73689494,1.1563730176132722e-05,244.0
0.15109578,4.043894756197877e-06,37.0
1.1485957,1.599828037823553e-05,141.0
1.0686614,2.0726582888395507e-05,234.0
1.0686614,3.0802808633729225e-05,234.0
1.4120435,0.00012321579114557923,34.0
1.9918197,0.000143246238399288,116.0
0.66798406,6.604802170389557e-05,138.0
0.76192256,7.573497847675973e-05,140.0
3.0686472,0.00046025635155724954,12.0
1.0686614,3.6946545129337566e-05,234.0
0.76192256,4.929875616300154e-05,140.0
1.4120435,3.9102205179095976e-05,34.0
1.1485957,1.8444800926348628e-05,141.0
1.2588271,1.3836503579296406e-05,201.0
1.0686614,2.3896174227575522e-05,234.0
3.0686472,2.0879486504861883e-05,12.0
1.0686614,4.889362495146029e-05,234.0
1.1485957,3.5935561332439834e-05,141.0
1.0686614,4.739601832853758e-05,234.0
1.1485957,2.239245230270287e-05,141.0
1.0686614,2.9533783261143604e-05,234.0
1.1485957,5.800598645960834e-05,141.0
1.0686614,7.650507451299172e-05,234.0
1.0686614,8.386099853838222e-05,234.0
0.62539673,4.3572065357523595e-05,69.0
0.44226457,6.045153085165831e-05,79.0
0.067325391,5.259121419114514e-05,109.0
1.0349867,5.8565596891895556e-05,120.0
0.39280086,7.90180325357429e-05,219.0
1.4120435,8.767215082717858e-05,34.0
1.9918197,9.924908849745872e-05,116.0
0.66798406,4.475034541105814e-05,138.0
0.76192256,5.113402134572105e-05,140.0
1.1394235,5.064488091642212e-05,152.0
1.0177608,4.13483211362196e-05,191.0
2.5870524,5.430927402442281e-05,235.0
3.0686472,3.270425005360845e-05,12.0
1.1485957,2.9651518622875136e-05,141.0
1.0686614,3.910788834262935e-05,234.0
1.1485957,4.781137176046065e-05,141.0
1.0686614,6.305922513100388e-05,234.0
1.1485957,1.3416995828433378e-05,141.0
1.0686614,1.738239795632038e-05,234.0
0.62539673,4.385905838517403e-05,69.0
0.44226457,6.084970265560805e-05,79.0
0.067325391,5.29376130057224e-05,109.0
1.0349867,5.8951346748603983e-05,120.0
0.39280086,7.95384949974217e-05,219.0
1.1485957,9.987002761982276e-06,141.0
1.2588271,7.491823848595243e-06,201.0
1.0686614,1.2938668135511849e-05,234.0
1.4120435,4.858959936398354e-05,34.0
0.66798406,2.713948461012537e-05,138.0
0.76192256,3.20705536266098e-05,140.0
1.1485957,5.6140607544000224e-05,141.0
1.0686614,7.404479477905549e-05,234.0
1.1485957,5.822286628084723e-05,141.0
1.0686614,7.679112096952113e-05,234.0
1.4120435,8.50110713390033e-05,34.0
1.9918197,9.917480954900195e-05,116.0
0.66798406,4.713191759136272e-05,138.0
0.15110193,1.617682629566875e-05,37.0
0.79488386,2.30812596347403e-05,76.0
1.1485957,5.845542478197898e-05,141.0
1.5408283,3.793997896423381e-05,146.0
1.3731078,4.2381256560702506e-05,176.0
1.2588271,4.281941707233227e-05,201.0
1.6692403,3.222791885112011e-05,205.0
1.0686614,7.709784630157119e-05,234.0
1.7116885,3.8720552915131325e-05,239.0
1.0686614,1.693742724525202e-05,234.0
1.1485957,1.1248690394307373e-05,141.0
1.0686614,1.4573248394914315e-05,234.0
1.0686614,2.363409015005738e-05,234.0
1.0686614,2.7401710829238736e-05,234.0
1.398256,7.917717132142354e-05,34.0
1.9924711,6.37334135083133e-05,116.0
0.66982331,3.7493144442807035e-05,138.0
0.76191716,3.836850881880314e-05,140.0
1.1233422,3.864665104010532e-05,152.0
2.5083621,4.267070033154442e-05,235.0
0.62575168,0.00017167400156641998,69.0
0.44240925,0.0001939234372675146,79.0
1.4455136,0.00016357746871024294,116.0
1.0233934,0.00019488848092907268,120.0
0.41549629,0.00035457214172831777,219.0
0.78612717,0.00040841671308644795,235.0
0.67322039,0.00013985263234810936,246.0
1.4120435,6.683884962901555e-05,34.0
1.0686614,1.2395847714214689e-05,234.0
1.1485957,4.5356449815005255e-05,141.0
1.0686614,5.9821387145239426e-05,234.0
1.0686614,7.928884115751204e-05,234.0
1.9918197,4.90928771100019e-05,116.0
1.4113673,7.892515703262428e-05,34.0
2.2813469,7.060932656746784e-05,10.0
1.4002479,0.00011818912718141177,34.0
1.9975662,0.00011162778497733517,116.0
0.66847954,6.412890035973985e-05,138.0
0.76186842,6.931932297121864e-05,140.0
1.1221063,7.009930206189535e-05,152.0
1.0171228,5.9582271454416914e-05,191.0
2.5705784,7.580798479677431e-05,235.0
1.4113673,0.0002385678848358923,34.0
1.4113673,9.75741394357523e-05,34.0
0.62562079,0.00016354367153650334,69.0
0.44260105,0.00019588220141088404,79.0
1.4417811,0.00015914419262360148,116.0
1.0220365,0.00019523071950295137,120.0
0.39518633,0.0003537801956391562,219.0
0.84067904,0.000170195757603248,219.0
0.7861408,0.00015930666328432255,235.0
0.67422724,0.00012018750819660475,246.0
0.62562079,0.00011382689174098348,69.0
0.44260105,0.00013633460668030487,79.0
1.4417811,0.00011076484106527852,116.0
1.0220365,0.00013588117329514993,120.0
0.39518633,0.00024623208988024884,219.0
0.84067904,0.000118456763832378,219.0
0.7861408,0.0001108779211382354,235.0
0.67422724,8.365087047137716e-05,246.0
0.62562079,0.00011390300467215106,69.0
0.44260105,0.0001364257699052274,79.0
1.4417811,0.00011083890648685723,116.0
1.0220365,0.00013597203332156235,120.0
0.39518633,0.0002463967385482538,219.0
0.84067904,0.00011853597263246036,219.0
0.7861408,0.00011095206217336797,235.0
0.67422724,8.370680552195197e-05,246.0
1.4120435,0.00010706358804186144,34.0
1.9918197,0.00012490150737357947,116.0
0.66798406,5.935829450380577e-05,138.0
1.3733672,8.791390975052818e-05,176.0
1.4113673,9.053427080159874e-05,34.0
1.3733672,3.3460226023878665e-05,176.0
0.79488385,7.19360180876702e-06,76.0
1.1485957,1.8550210822242185e-05,141.0
1.0686614,2.403273808899318e-05,234.0
0.44260105,0.00010541119493785096,79.0
1.4417811,8.564116285728724e-05,116.0
1.0220365,0.0001050606093006624,120.0
0.39518633,0.00019038173401699442,219.0
0.84067904,9.158840391363114e-05,219.0
0.7861408,8.572859411120198e-05,235.0
1.4002479,0.0001407184595468289,34.0
1.9975662,0.00013290638757763624,116.0
0.66847954,7.635321696896284e-05,138.0
0.76186842,8.253304324996436e-05,140.0
1.1221063,8.346170275305278e-05,152.0
1.0171228,7.09399050091738e-05,191.0
2.5705784,9.025858043250894e-05,235.0
1.1485801,3.2815828408876825e-05,141.0
1.3733672,3.7280029301570436e-05,176.0
1.0669557,3.728340387004143e-05,234.0
1.3733672,1.816521308956447e-05,176.0
1.3733672,3.2541548295410714e-05,176.0
1.3733672,3.6373498241309076e-05,176.0
1.0686614,1.8896849481198678e-05,234.0
1.0686614,1.8340619885789665e-05,234.0
1.1762125,1.7883430066420062e-05,7.0
0.74208484,7.009775649684653e-06,7.0
3.1723385,2.2318793768306295e-05,12.0
3.4112213,3.2258126229607186e-05,20.0
2.7031396,1.907928790108995e-05,24.0
2.5987291,1.525022673580485e-05,25.0
1.7109297,8.129252989496219e-06,55.0
1.9107839,1.4928149048487021e-05,70.0
0.79431783,8.527186480451372e-06,76.0
2.0505541,1.0324587440042685e-05,78.0
2.7777479,1.0869334958254457e-05,89.0
2.0942532,9.138141994620761e-06,110.0
4.7869577,2.9310070729198715e-05,116.0
0.72648261,5.902625075628586e-06,133.0
2.1358168,2.630322758179013e-05,141.0
0.84363698,6.7751160478237506e-06,141.0
1.5473355,1.6151332683325134e-05,146.0
0.91761256,9.723891866629702e-06,156.0
1.4429406,1.8805749581055758e-05,156.0
1.5506296,1.164863579106312e-05,176.0
0.57232575,7.999605244065804e-06,197.0
1.2592133,2.1122905851507942e-05,201.0
3.6265465,1.7212142360005132e-05,202.0
1.6692421,1.4078195241718592e-05,205.0
2.4049206,2.4965105340517392e-05,211.0
0.94066866,8.816709206473608e-06,211.0
1.4003352,1.7269610143471754e-05,217.0
0.87125291,1.1819040222195139e-05,217.0
1.0690421,2.440198308145693e-05,234.0
1.7174384,2.438470241991249e-05,239.0
0.73819106,7.635261687666715e-06,244.0
2.2770857,6.083114399437107e-05,10.0
0.60908008,2.4024346793264243e-05,19.0
1.4140261,0.0001127506689095745,34.0
1.3465776,3.156244540919176e-05,38.0
0.46836553,2.6693024205921078e-05,78.0
1.9931361,9.891014828742955e-05,116.0
0.67050533,5.405562399712486e-05,138.0
0.76196473,4.702664267662631e-05,140.0
1.3989205,2.844770784159918e-05,150.0
1.1289608,4.713975303640716e-05,152.0
1.0172246,5.4366647858072576e-05,191.0
2.5501795,5.890867040646885e-05,235.0
1.57646,2.6585452143214203e-05,235.0
2.2770857,0.012179632732164106,10.0
0.60908008,0.004810163040813088,19.0
1.4140261,0.022574978003890963,34.0
1.3465776,0.006319443758093824,38.0
0.9523896,0.005877369144017727,71.0
0.46836553,0.005344486557230762,78.0
1.4779278,0.004837782447112558,80.0
1.2942724,0.005436505909982786,106.0
1.9931361,0.01980382416836115,116.0
0.67050533,0.010823035770194611,138.0
0.76196473,0.009415690694244097,140.0
1.3989205,0.005695809922868523,150.0
1.1289608,0.009438337689678899,152.0
1.0172246,0.010885309075421842,191.0
2.5501795,0.011794714404142786,235.0
1.57646,0.00532294844155547,235.0
2.2770857,2.085478567681908e-05,10.0
0.60908008,8.236284417821618e-06,19.0
1.4140261,3.865439445368227e-05,34.0
1.3465776,1.0820576290755024e-05,38.0
0.46836553,9.151189050992355e-06,78.0
1.9931361,3.390943862551082e-05,116.0
0.67050533,1.8531929190598033e-05,138.0
0.76196473,1.6122178373172565e-05,140.0
1.3989205,9.752748527764232e-06,150.0
1.1289608,1.616095608071125e-05,152.0
1.0172246,1.8638557728786325e-05,191.0
2.5501795,2.019570264775816e-05,235.0
1.57646,9.114310041898382e-06,235.0
1.1485801,0.0002468608495862932,141.0
1.3733672,0.00028044331507712825,176.0
1.0669557,0.0002804687006572013,234.0
1.4113673,9.322621523957347e-05,34.0
1.1762125,6.942931341446074e-05,7.0
0.74208484,2.721423735488335e-05,7.0
3.1723385,8.664884319267794e-05,12.0
0.92190583,2.4505255618577737e-05,20.0
3.4112213,0.0001252365764196478,20.0
2.7031396,7.40720239064676e-05,24.0
2.5987291,5.920635849774308e-05,25.0
0.61261933,2.0881410264591216e-05,32.0
1.4371547,2.185549315543439e-05,34.0
1.7109297,3.156041383207424e-05,55.0
1.4153213,3.29631269744458e-05,65.0
1.9107839,5.795594777599999e-05,70.0
2.1451757,3.5830924164730705e-05,75.0
1.2874872,2.86302927009848e-05,76.0
0.79431783,3.3105321546031896e-05,76.0
2.0505541,4.008341881772047e-05,78.0
1.5033829,2.30887231518681e-05,83.0
2.7777479,4.219830651170333e-05,89.0
2.0942532,3.5477250293370474e-05,110.0
1.2921416,3.112272027045608e-05,110.0
4.7869577,0.0001137912625989271,116.0
1.3821623,2.362080189643987e-05,122.0
1.1379817,3.418047494121061e-05,128.0
0.72648261,2.2915917406325135e-05,133.0
2.1358168,0.00010211771594181485,141.0
0.84363698,2.6303212177789033e-05,141.0
1.5473355,6.270474594453921e-05,146.0
1.3433909,2.8319724209839384e-05,152.0
0.91761256,3.7751322509670355e-05,156.0
1.4429406,7.301005885379114e-05,156.0
0.54960527,1.6113810058191054e-05,162.0
1.5506296,4.5223806740924874e-05,176.0
0.57232575,3.105707896188798e-05,197.0
1.2592133,8.200601591202878e-05,201.0
3.6265465,6.682315540188413e-05,202.0
1.6692421,5.4656149637792364e-05,205.0
2.4049206,9.692268858234702e-05,211.0
0.94066866,3.422934328072984e-05,211.0
1.4003352,6.70462640971801e-05,217.0
0.87125291,4.588537236968503e-05,217.0
1.0690421,9.473646414610842e-05,234.0
1.7174384,9.466937497686504e-05,239.0
1.1570956,2.974913690943702e-05,244.0
0.73819106,2.964257833903099e-05,244.0
2.2770857,0.00017811237192270446,10.0
0.60908008,7.034280650118742e-05,19.0
1.4140261,0.00033013170157073114,34.0
1.3465776,9.24142083540667e-05,38.0
0.9523896,8.594940273870744e-05,71.0
0.46836553,7.815664054496026e-05,78.0
1.4779278,7.074670685477552e-05,80.0
1.2942724,7.950231208874752e-05,106.0
1.9931361,0.00028960693424293776,116.0
0.67050533,0.0001582737850003392,138.0
0.76196473,0.00013769306839717563,140.0
1.3989205,8.329431910569046e-05,150.0
1.1289608,0.00013802425326641743,152.0
1.0172246,0.00015918445663924658,191.0
2.5501795,0.00017248340774061194,235.0
1.57646,7.78416716986875e-05,235.0
1.3733672,9.059910794771827e-05,176.0
1.3733672,0.0006178840832314442,176.0
1.1485801,4.4457129037848994e-05,141.0
1.3733672,5.050498962099617e-05,176.0
1.0669557,5.050956130585779e-05,234.0
1.1762125,4.8146399815577214e-05,7.0
0.74208484,1.8871964706644036e-05,7.0
3.1723385,6.008744207231391e-05,12.0
3.4112213,8.684646273023044e-05,20.0
2.7031396,5.136593036518482e-05,24.0
2.5987291,4.105719713574207e-05,25.0
0.61261933,1.4480407163333885e-05,32.0
1.7109297,2.1885860999852948e-05,55.0
1.4153213,2.2858585407712727e-05,65.0
1.9107839,4.019008825071904e-05,70.0
2.1451757,2.4847285904997083e-05,75.0
0.79431783,2.2957191549103185e-05,76.0
2.0505541,2.779621767037735e-05,78.0
2.7777479,2.9262806110791496e-05,89.0
2.0942532,2.460202748636364e-05,110.0
1.2921416,2.1582338349577405e-05,110.0
4.7869577,7.890960395794712e-05,116.0
1.1379817,2.370276661936682e-05,128.0
0.72648261,1.5891254966030982e-05,133.0
2.1358168,7.081447501343332e-05,141.0
0.84363698,1.824020586788668e-05,141.0
1.5473355,4.3483186281245485e-05,146.0
1.3433909,1.9638574795265408e-05,152.0
0.91761256,2.6179003906710402e-05,156.0
1.4429406,5.0629500873060894e-05,156.0
1.5506296,3.1360867239650154e-05,176.0
0.57232575,2.1536818776772885e-05,197.0
1.2592133,5.686783053454142e-05,201.0
3.6265465,4.633913542701792e-05,202.0
1.6692421,3.790181269879991e-05,205.0
2.4049206,6.721193522150595e-05,211.0
0.94066866,2.373665482158449e-05,211.0
1.4003352,4.649385221619199e-05,217.0
0.87125291,3.181963604637e-05,217.0
1.0690421,6.569587765709666e-05,234.0
1.7174384,6.564935405190983e-05,239.0
0.73819106,2.055592023150117e-05,244.0
1.1485801,4.097418201672597e-05,141.0
1.3733672,4.654822932271998e-05,176.0
1.0669557,4.655244284373894e-05,234.0
1.3733672,4.552975695648073e-05,176.0
1.0669557,4.5533878285921603e-05,234.0
1.3733672,5.730939535952373e-05,176.0
1.1762125,7.614010226504017e-05,7.0
0.74208484,2.984466810000628e-05,7.0
3.1723385,9.502401013897698e-05,12.0
3.4112213,0.00013734149550050776,20.0
2.7031396,8.123156053048732e-05,24.0
2.5987291,6.492903312824418e-05,25.0
0.61261933,2.28997326171613e-05,32.0
1.7109297,3.461093043447282e-05,55.0
1.4153213,3.614922480692518e-05,65.0
1.9107839,6.355776218309649e-05,70.0
2.1451757,3.929421300578895e-05,75.0
0.79431783,3.6305163396688675e-05,76.0
2.0505541,4.3957738566344665e-05,78.0
2.7777479,4.627704373270386e-05,89.0
2.0942532,3.8906354284313654e-05,110.0
1.2921416,3.413093098030271e-05,110.0
4.7869577,0.0001247899186245704,116.0
1.1379817,3.7484237269576154e-05,128.0
0.72648261,2.5130887934884794e-05,133.0
2.1358168,0.00011198804874343862,141.0
0.84363698,2.8845586491120022e-05,141.0
1.5473355,6.876556218005416e-05,146.0
1.3433909,3.10570073562876e-05,152.0
0.91761256,4.1400230178974165e-05,156.0
1.4429406,8.006694973806903e-05,156.0
1.5506296,4.959497798160932e-05,176.0
0.57232575,3.4058945017869945e-05,197.0
1.2592133,8.993242379651552e-05,201.0
3.6265465,7.32820423500316e-05,202.0
1.6692421,5.9939017371416e-05,205.0
2.4049206,0.00010629088863963173,211.0
0.94066866,3.753782904782565e-05,211.0
1.4003352,7.352671593299861e-05,217.0
0.87125291,5.032048817538206e-05,217.0
1.0690421,0.00010389335157692388,234.0
1.7174384,0.00010381977780878728,239.0
0.73819106,3.250772382927222e-05,244.0
1.3733672,6.686282972773816e-05,176.0
1.4113673,7.202386989453193e-05,34.0
2.0018245,7.598683188476198e-05,116.0
1.4113673,0.00015466619795491084,34.0
2.0018245,0.0001631763802676118,116.0
1.3733672,3.4340608061765225e-05,176.0
1.4113673,7.823006898836618e-05,34.0
1.3733672,3.385732907121581e-05,176.0
2.2813469,0.00011168926609226599,10.0
0.60925884,3.3650566286832386e-05,19.0
1.4002479,0.0001869506128537321,34.0
0.46518355,5.248740453155656e-05,78.0
1.9975662,0.00017657193441309718,116.0
2.6900172,5.24088445076756e-05,120.0
0.7097765,3.1901748689215515e-05,131.0
0.66847954,0.00010143857992526757,138.0
0.76186842,0.00010964874875658858,140.0
1.3988339,5.911376790081209e-05,150.0
1.1221063,0.00011088251342253157,152.0
1.0171228,9.424675881160492e-05,191.0
2.5705784,0.00011991246195777191,235.0
0.66798406,0.00022468855845805333,138.0
0.76192256,0.0002655130179084611,140.0
1.1394235,0.0002615072697302297,152.0
1.0177608,0.00020498924140395795,191.0
1.3733672,3.12854196360575e-05,176.0
1.3733672,3.8630450110608393e-05,176.0
1.0669557,3.863394691845446e-05,234.0
0.63912746,0.0003832722335966594,69.0
0.44407532,0.00038424553523388555,79.0
1.2135228,0.0006300304785416734,100.0
1.4600917,0.00036233895097005414,116.0
1.0473226,0.0003868128871459851,120.0
0.5725075,0.00045772508745899157,219.0
0.44071727,0.0005638592899867676,228.0
0.72872723,0.0002900493771666376,246.0
0.63912746,0.00017674254739611286,69.0
0.44407532,0.00017719137670246275,79.0
1.2135228,0.00029053289529924856,100.0
1.4600917,0.000167089352167046,116.0
1.0473226,0.0001783752879729155,120.0
0.5725075,0.00021107581210734512,219.0
0.44071727,0.0002600186461461781,228.0
0.72872723,0.000133753664621152,246.0
2.2770857,0.0001930681890079824,10.0
0.60908008,7.624938186111476e-05,19.0
1.4140261,0.00035785234382283655,34.0
1.3465776,0.00010017408478097724,38.0
0.9523896,9.316643955694023e-05,71.0
0.46836553,8.471933131917244e-05,78.0
1.4779278,7.668719709520068e-05,80.0
1.2942724,8.617799679621966e-05,106.0
1.9931361,0.0003139247752127114,116.0
0.67050533,0.0001715637869935014,138.0
0.76196473,0.00014925493983052236,140.0
1.3989205,9.028841270704919e-05,150.0
1.1289608,0.00014961393377485715,152.0
1.0172246,0.00017255092630452605,191.0
2.5501795,0.00018696656951408712,235.0
1.57646,8.437791503187409e-05,235.0
1.3733672,4.176996973645106e-05,176.0
1.3733672,4.6705754758477127e-05,176.0
1.3733672,7.942214516686301e-05,176.0
1.4113673,0.00012414349315766188,34.0
1.4113673,6.310319080131291e-05,34.0
1.3733672,3.3906375014677485e-05,176.0
1.4113673,5.2644591578522354e-05,34.0
1.4113673,0.00017148695520895338,34.0
1.1485957,9.205587735607028e-06,141.0
1.2588271,6.905639597947576e-06,201.0
1.0686614,1.1926305373296614e-05,234.0
1.3733672,9.990205006565637e-06,176.0
1.4113673,0.00011326224057572385,34.0
1.1485801,7.912696909659585e-05,141.0
1.3733672,8.989124667861832e-05,176.0
1.0669557,8.98993835865701e-05,234.0
1.1485801,3.3871261857466816e-05,141.0
1.3733672,3.847904184512256e-05,176.0
1.0669557,3.848252494757278e-05,234.0
1.1485801,8.556751823254637e-05,141.0
1.3733672,9.72079554788595e-05,176.0
1.2588261,6.799318179645742e-05,201.0
1.0669557,9.721675469140933e-05,234.0
1.4113673,0.00012130892943115777,34.0
1.3733672,3.222650065849976e-05,176.0
1.1485801,4.457919275610049e-05,141.0
1.3733672,5.064365864791723e-05,176.0
1.2588261,3.5423268315055154e-05,201.0
1.0669557,5.06482428850258e-05,234.0
2.2770857,0.00012000707594560357,10.0
0.60908008,4.73949924471184e-05,19.0
1.4140261,0.00022243339839212885,34.0
1.3465776,6.226607843509137e-05,38.0
0.9523896,5.7910275353693595e-05,71.0
0.46836553,5.265973270853221e-05,78.0
1.9931361,0.00019512895694381215,116.0
0.67050533,0.00010664039747321239,138.0
0.76196473,9.27736930228185e-05,140.0
1.3989205,5.6121355135800745e-05,150.0
1.1289608,9.299683601578419e-05,152.0
1.0172246,0.00010725398225315845,191.0
2.5501795,0.00011621443916914981,235.0
1.57646,5.2447515612958655e-05,235.0
1.3733672,6.4998809227735e-05,176.0
1.3733672,5.8739828687446674e-05,176.0
1.3733672,4.8018648210321905e-05,176.0
1.3733672,0.00011802519882210258,176.0
1.3733672,4.273177985672934e-05,176.0
1.4113673,4.1785307980324736e-05,34.0
1.1485801,6.975205714034724e-05,141.0
1.3733672,7.924099009895961e-05,176.0
1.0669557,7.924816295133698e-05,234.0
1.1485801,6.257115394748611e-05,141.0
1.3733672,7.108321092891759e-05,176.0
1.0669557,7.108964534345326e-05,234.0
1.3733672,4.348495254166879e-05,176.0
1.4113673,0.00012028166334676834,34.0
1.1485801,3.081931264923049e-05,141.0
1.3733672,3.501191145632585e-05,176.0
1.0669557,3.5015080715972984e-05,234.0
1.4113673,5.620790990028562e-05,34.0
3.3714325,5.230132418900865e-05,20.0
1.1485801,5.193996782029291e-05,141.0
1.3733672,5.900577910565162e-05,176.0
1.2588261,4.127224614496379e-05,201.0
1.0669557,5.901112027746684e-05,234.0
1.3733672,5.2491566759006035e-05,176.0
1.0669557,5.249631826777618e-05,234.0
1.1485801,3.483058337238402e-05,141.0
1.3733672,3.956886757617316e-05,176.0
1.0669557,3.957244932907027e-05,234.0
1.1485801,3.310735505320775e-05,141.0
1.3733672,3.7611214658448565e-05,176.0
1.0669557,3.761461920564233e-05,234.0
1.3733672,3.4093219285349116e-05,176.0
1.0669557,3.4096305385468554e-05,234.0
1.4113673,0.00015537197352847893,34.0
1.1485801,3.4548086292218036e-05,141.0
1.3733672,3.9247940147647706e-05,176.0
1.2588261,2.7452406713521027e-05,201.0
1.0669557,3.925149285036436e-05,234.0
3.3571299,5.745410983935404e-05,20.0
4.7482205,4.9516812867628e-05,116.0
1.1485916,5.1571335979039476e-05,141.0
1.2588247,4.342762430197246e-05,201.0
1.0676661,5.430830183949618e-05,234.0
0.39282393,0.0001517305260825485,219.0
1.1485801,3.884041889602375e-05,141.0
1.3733672,4.412419325478185e-05,176.0
1.2588261,3.086315599186596e-05,201.0
1.0669557,4.412818735334226e-05,234.0
1.3733672,8.735843881339147e-05,176.0
1.3733672,3.467886134726774e-05,176.0
1.1485801,1.7743486764215235e-05,141.0
1.3733672,2.0157275880411455e-05,176.0
1.0669557,2.0159100506328332e-05,234.0
1.4113673,9.560103692968962e-05,34.0
1.1485801,7.335370536911114e-05,141.0
1.3733672,8.333259948420228e-05,176.0
1.0669557,8.334014270688996e-05,234.0
1.3733672,2.4014880631062146e-05,176.0
1.3733672,8.561019307618228e-05,176.0
1.1485801,3.658190396608632e-05,141.0
1.3733672,4.1558434386316655e-05,176.0
1.0669557,4.1562196233745724e-05,234.0
1.4113673,3.262561884432576e-05,34.0
1.3733672,3.876121579425821e-05,176.0
1.1485801,7.732454522961103e-05,141.0
1.3733672,8.784362460618958e-05,176.0
1.0669557,8.785157616447768e-05,234.0
1.1485801,6.073988719270118e-05,141.0
1.3733672,6.900282223883952e-05,176.0
1.0669557,6.900906833769469e-05,234.0
1.1485801,5.640795242873846e-05,141.0
1.3733672,6.408157957140355e-05,176.0
1.2588261,4.4822571034838534e-05,201.0
1.0669557,6.40873802019839e-05,234.0
1.4113673,4.2220249330175306e-05,34.0
1.3733672,3.88786060895578e-05,176.0
1.3733672,0.00011152819709927526,176.0
1.1485957,1.0123099006629837e-05,141.0
1.0686614,1.3114987716666645e-05,234.0
1.3733672,9.539215211964296e-05,176.0
1.0686614,2.535322513812452e-05,234.0
1.3733672,5.3037624503003835e-05,176.0
1.4113673,7.105962389753293e-05,34.0
1.1485801,6.851518165996083e-05,141.0
1.3733672,7.783585250570197e-05,176.0
1.0669557,7.784289816577013e-05,234.0
1.3733672,0.0002078161686937456,176.0
1.0686614,3.667595677479166e-05,234.0
1.4113673,0.00010990828862610983,34.0
1.3733672,5.290425497343043e-05,176.0
1.3733672,0.000129042214633722,176.0
1.1485801,7.5198650899524e-05,141.0
1.3733672,8.54285277836988e-05,176.0
1.0669557,8.54362607287042e-05,234.0
1.1485801,4.7502302742975126e-05,141.0
1.3733672,5.396442278053701e-05,176.0
1.0669557,5.396930761145259e-05,234.0
1.3733672,8.932947191593089e-05,176.0
1.1485801,2.9798211141157924e-05,141.0
1.3733672,3.385190130309973e-05,176.0
1.0669557,3.385496555924346e-05,234.0
1.1485957,0.0005920781601296884,141.0
1.3731078,0.00042926754021606117,176.0
1.2588271,0.00043370554183070703,201.0
1.0686614,0.0007809018779428734,234.0
1.3733672,4.4181774391860725e-05,176.0
1.1485801,7.315160461362707e-05,141.0
1.3733672,8.310300533858294e-05,176.0
1.0669557,8.311052777853073e-05,234.0
1.3733672,6.549289248572844e-05,176.0
1.3733672,3.451902410632319e-05,176.0
1.3733672,6.182125887003294e-05,176.0
1.3733672,2.3839911761582202e-05,176.0
1.0669557,2.3842069737745014e-05,234.0
1.3733672,0.00010958083278417625,176.0
1.1485801,4.522254757649004e-05,141.0
1.3733672,5.137453419543029e-05,176.0
1.0669557,5.1379184591005706e-05,234.0
3.0686472,0.0006325235527623142,12.0
0.28316466,0.0001285962728012683,12.0
2.6997818,0.0003487688678721842,24.0
0.15110271,0.00015778975993361062,37.0
1.9229318,0.00025357317911307446,70.0
0.79488386,0.00021752719325126944,76.0
1.2910799,0.0002098357891668502,110.0
1.1485957,0.0005912693575085121,141.0
1.5408283,0.00037209985687440615,146.0
0.90234554,0.00018257913275019475,156.0
1.3731078,0.0005041424299377044,176.0
1.2588271,0.00042935396783433236,201.0
1.6692403,0.0003132820009871332,205.0
0.83419367,0.00015299170172133452,217.0
1.0686614,0.0007076822707729714,234.0
1.7116885,0.000385130938316579,239.0
0.73689494,0.00017133134774233635,244.0
1.1485801,8.58839247724401e-05,141.0
1.3733672,9.756740534346373e-05,176.0
1.0669557,9.757623709322459e-05,234.0
1.3733672,0.0024872136254518737,176.0
1.4113673,0.00015312252729728066,34.0
1.3733672,2.1241688564088206e-05,176.0
1.0354122,0.00011134056810922804,120.0
0.39282393,0.00017086348179097606,219.0
1.1485957,5.1303656087923085e-05,141.0
1.0686614,6.140464980672436e-05,234.0
1.4002479,0.00011175984282142158,34.0
1.398256,0.00027649540428017393,34.0
1.9924711,0.00022256410073806835,116.0
1.398256,0.00015828035075707674,34.0
1.9924711,0.0001274072674823144,116.0
0.78612717,0.0004040434240024903,235.0
0.78612717,0.00020876679371432553,235.0
1.5295499,3.365661518652735e-05,146.0
1.7121829,3.8102898794882584e-05,239.0
1.398256,0.00014905488481685897,34.0
1.9924711,0.00011998125786664042,116.0
3.1066419,0.00012562732961534165,12.0
3.3714325,0.00012151375163711728,20.0
1.1485801,0.00012067419797912678,141.0
1.3733672,0.00013709047903811089,176.0
1.0669557,0.00013710288839553154,234.0
1.1485957,1.8045323919235087e-05,141.0
1.2588271,1.3536832953365379e-05,201.0
1.0686614,2.337863152272268e-05,234.0
1.1485957,4.159173652970142e-05,141.0
1.0686614,4.978058507337164e-05,234.0
1.4557794,8.467996405819668e-05,10.0
2.3377476,0.0003496230374921775,10.0
0.75435599,0.00017023982816378723,19.0
1.4813553,0.0003248528684351887,34.0
1.4293927,0.00021950561624603046,38.0
2.5936471,0.00020588750786444993,40.0
1.6364172,0.00048693274450777485,67.0
1.4246696,0.00027966478046602254,69.0
0.89447772,0.00015356349128623723,69.0
1.2521897,0.0005278195325488501,78.0
1.4853308,0.0001486461653185466,80.0
1.3057349,0.00015227643224094265,106.0
1.486402,7.737260962473264e-05,114.0
2.0547252,0.0004475542816987319,116.0
1.788246,0.0005307060423685618,130.0
2.6143336,0.0002154190106503201,131.0
0.71281569,0.0002470030618759365,138.0
1.3986513,0.00012078993224789504,150.0
1.9190458,0.0005292422024159118,152.0
1.1732829,0.0002181117564322865,152.0
3.3189486,0.0005398924913679597,214.0
0.55065151,0.0001493707257792076,224.0
0.89883741,0.00035241048013907796,224.0
2.5758345,0.0003506972842109058,235.0
1.6229324,0.0001024848327531846,235.0
1.3662522,0.0004642584654119396,236.0
3.1468225,0.0005180517010400476,12.0
0.92239116,0.000395290345558356,20.0
3.6060317,0.00028411198956609094,20.0
2.8035747,0.00039233530408674196,24.0
2.7367606,0.00032475297766252633,25.0
1.3873404,8.969353371417284e-05,26.0
1.944491,0.0001118889569225699,31.0
3.1687925,0.0005753508066453911,31.0
0.57150117,0.000654402832894826,32.0
6.7177873,0.0006037018369143081,32.0
2.7996933,0.0002058249041609393,34.0
1.4323608,0.0001176889428943303,34.0
0.75387551,0.00022789141191748076,37.0
0.68644846,0.00014822172509149276,44.0
1.0987342,0.00046945787016262745,44.0
1.9396009,0.00023165059723953633,55.0
1.4373537,0.0002318426929774542,65.0
1.9708849,0.00028937042142118284,70.0
2.2321058,0.00028526162193777865,75.0
1.4087524,0.00012104646908872361,75.0
1.300431,0.00021657407445740747,76.0
0.80023692,0.0001653416471116824,76.0
2.0700828,0.0002527968935575162,78.0
1.6399455,0.00016503284824553446,83.0
3.2818262,0.0006593679012086157,96.0
1.9778016,0.00012010298523375172,100.0
2.054462,0.0002765088222425809,110.0
1.2989363,0.00014609403387310716,110.0
4.5411801,0.0005934691258340274,115.0
5.2036369,0.00043057677248239506,116.0
2.1790376,0.000206333667287138,118.0
1.4985217,0.00016944836421571612,122.0
1.2538277,0.00020752422700575146,128.0
1.5635298,0.0006566113104755551,133.0
2.1405059,0.00047104402131775426,141.0
0.85205246,0.00019072227457072273,141.0
1.6021372,0.00039166926097305597,146.0
1.2045202,0.00028768043444252553,172.0
3.427828,0.00017253577073835476,173.0
1.5864137,0.00018052791369088848,174.0
1.557414,0.00024041786806421297,176.0
1.9386309,0.0006183926096604297,189.0
1.6997595,0.00013044572633421738,193.0
2.9882234,0.0006782157135858654,194.0
0.64628116,0.0001167942781383103,197.0
1.4407772,0.0003855766007128002,201.0
3.6755646,0.0003147933782459917,202.0
1.7255508,0.000365903644417797,205.0
1.9616982,0.0005525487838895874,212.0
6.9869616,0.0006183093859611531,213.0
1.4710691,8.585297491610704e-05,222.0
1.9302971,9.662188170130952e-05,222.0
1.0998522,0.0004677346595619974,234.0
7.7848283,0.00033656535633946584,236.0
1.8898388,0.0003700864369869217,239.0
1.1818651,0.0002627504180499565,244.0
0.75055665,0.00014947874537834583,244.0
1.4557794,6.686525588642062e-05,10.0
2.3377476,0.0002760704273520437,10.0
0.75435599,0.00013442530117760548,19.0
1.4813553,0.0002565113296272598,34.0
1.4293927,0.00017332670557949426,38.0
1.6364172,0.0003844933441234466,67.0
1.4246696,0.00022082977143718043,69.0
0.89447772,0.00012125728032441727,69.0
1.2521897,0.00041677849652220744,78.0
1.4853308,0.0001173744461408721,80.0
1.3057349,0.0001202409887687736,106.0
1.486402,6.109520001215778e-05,114.0
2.0547252,0.00035339920017304444,116.0
1.788246,0.00041905775135964466,130.0
2.6143336,0.00017009982739286375,131.0
0.71281569,0.00019503932389146054,138.0
1.3986513,9.537852097703043e-05,150.0
1.9190458,0.00041790186951558246,152.0
1.1732829,0.00017222608166978534,152.0
3.3189486,0.00042631158371377915,214.0
0.55065151,0.00011794657581931627,224.0
0.89883741,0.00027827145646119194,224.0
2.5758345,0.00027691867737826683,235.0
1.6229324,8.092439153385976e-05,235.0
1.3662522,0.00036658920953098063,236.0
1.4557794,0.00010016366665802232,10.0
2.3377476,0.0004135514908729104,10.0
0.75435599,0.00020136812278755307,19.0
1.4813553,0.0003842521048365387,34.0
1.4293927,0.000259642143448724,38.0
2.5936471,0.00024353396858568387,40.0
1.6364172,0.0005759682310709665,67.0
1.4246696,0.0003308013903659199,69.0
0.89447772,0.0001816425233891897,69.0
1.2521897,0.0006243311543859657,78.0
1.4853308,0.00017582606604234842,80.0
1.3057349,0.00018012012603562587,106.0
1.486402,9.152016495409488e-05,114.0
2.0547252,0.0005293894297431865,116.0
1.788246,0.0006277454615435381,130.0
2.6143336,0.0002548083034110708,131.0
0.71281569,0.00029216748765090384,138.0
1.3986513,0.0001428763302380281,150.0
1.9190458,0.0006260139589538897,152.0
1.1732829,0.00025799341684255877,152.0
3.3189486,0.0006386116496150643,214.0
0.55065151,0.0001766831121365739,224.0
0.89883741,0.000416848616458846,224.0
2.5758345,0.0004148221632384433,235.0
1.6229324,0.00012122414953244754,235.0
1.3662522,0.0005491479677616274,236.0
3.1468225,5.628315289922929e-05,12.0
0.92239116,4.2945881490176225e-05,20.0
3.6060317,3.086703222313391e-05,20.0
2.8035747,4.2624834284585525e-05,24.0
2.7367606,3.528242733218423e-05,25.0
1.3873404,9.744654562415438e-06,26.0
1.944491,1.2156051717551335e-05,31.0
3.1687925,6.25083507227287e-05,31.0
0.57150117,7.109687050069366e-05,32.0
6.7177873,6.55885169846529e-05,32.0
2.7996933,2.2361618595406966e-05,34.0
1.4323608,1.2786184765288902e-05,34.0
0.75387551,2.475900987415405e-05,37.0
0.68644846,1.6103385047406863e-05,44.0
1.0987342,5.100373000042927e-05,44.0
1.9396009,2.5167422397137705e-05,55.0
1.4373537,2.518829242568292e-05,65.0
1.9708849,3.143832872407418e-05,70.0
2.2321058,3.099193275801055e-05,75.0
1.4087524,1.3150959477509328e-05,75.0
1.300431,2.3529450288887382e-05,76.0
0.80023692,1.7963360001162928e-05,76.0
2.0700828,2.746483832401881e-05,78.0
1.6399455,1.792981089059421e-05,83.0
3.2818262,7.163629484482602e-05,96.0
1.9778016,1.3048455719755558e-05,100.0
2.054462,3.0040994535914005e-05,110.0
1.2989363,1.5872224393120235e-05,110.0
4.5411801,6.447679543032001e-05,115.0
5.2036369,4.6779536235148754e-05,116.0
2.1790376,2.241689260138722e-05,118.0
1.4985217,1.840952972942785e-05,122.0
1.2538277,2.2546239642510375e-05,128.0
1.5635298,7.133680809978077e-05,133.0
2.1405059,5.117605563473568e-05,141.0
0.85205246,2.0720810141926215e-05,141.0
1.6021372,4.255247276867928e-05,146.0
1.2045202,3.1254721961802125e-05,172.0
3.3898328,1.8842942010465008e-05,172.0
3.427828,1.8744957589286076e-05,173.0
1.5864137,1.961325510261705e-05,174.0
1.557414,2.611993281905806e-05,176.0
1.9386309,6.71845797077707e-05,189.0
1.6997595,1.4172131363684483e-05,193.0
2.9882234,7.368399453139195e-05,194.0
0.64628116,1.2688984904434244e-05,197.0
1.4407772,4.1890542447241104e-05,201.0
3.6755646,3.420037769186753e-05,202.0
1.7255508,3.9753195914243464e-05,205.0
1.9616982,6.003105023206314e-05,212.0
6.9869616,6.71755379612004e-05,213.0
1.4710691,9.327401308317293e-06,222.0
1.0998522,5.081651369457e-05,234.0
7.7848283,3.656577012179975e-05,236.0
1.8898388,4.0207630777098214e-05,239.0
1.1818651,2.854622796094047e-05,244.0
0.75055665,1.6239952623307774e-05,244.0
1.4557794,4.684159543795186e-05,10.0
2.3377476,0.00019339758891183956,10.0
0.75435599,9.416991666168129e-05,19.0
1.4813553,0.0001796957144389146,34.0
1.4293927,0.0001214217954259935,38.0
1.6364172,0.0002693518694463464,67.0
1.4246696,0.00015469945754617958,69.0
0.89447772,8.494522893190915e-05,69.0
1.2521897,0.00029196881792380673,78.0
1.4853308,8.222515935964554e-05,80.0
1.3057349,8.423327894734122e-05,106.0
2.0547252,0.00024756926662660567,116.0
1.788246,0.00029356552059965683,130.0
0.71281569,0.00013663229106210367,138.0
1.0636235,0.00014905913670845532,140.0
1.3986513,6.681619675045013e-05,150.0
1.9190458,0.00029275578243301216,152.0
3.3189486,0.00029864709960511515,214.0
0.55065151,8.262595745097781e-05,224.0
0.89883741,0.00019493949155935196,224.0
2.5758345,0.00019399181956319633,235.0
1.6229324,5.6690542181284224e-05,235.0
1.3662522,0.0002568093581207111,236.0
1.4557794,1.8964323359708618e-05,10.0
2.3377476,7.829909248011028e-05,10.0
0.75435599,3.8125702885047303e-05,19.0
1.4813553,7.275174133399352e-05,34.0
1.4293927,4.915891890200771e-05,38.0
1.6364172,0.00010904999930006391,67.0
1.4246696,6.26317380748368e-05,69.0
0.89447772,3.439098891204708e-05,69.0
1.2521897,0.00011820671397483555,78.0
1.4853308,3.328973951080408e-05,80.0
1.3057349,3.410274830885989e-05,106.0
2.0547252,0.00010023107843224546,116.0
1.788246,0.00011885315621428192,130.0
0.71281569,5.531705154048136e-05,138.0
1.0636235,6.034819356233613e-05,140.0
1.3986513,2.705125538518278e-05,150.0
1.9190458,0.0001185253250145678,152.0
3.3189486,0.00012091048809071366,214.0
0.55065151,3.3452006925799606e-05,224.0
0.89883741,7.892334833910144e-05,224.0
2.5758345,7.853967314601723e-05,235.0
1.6229324,2.295177530379352e-05,235.0
1.3662522,0.00010397202878479327,236.0
1.4557794,3.137348012222116e-05,10.0
2.3377476,0.00012953349164736256,10.0
0.75435599,6.307295857183249e-05,19.0
1.4813553,0.00012035627463768823,34.0
1.4293927,8.132567325226824e-05,38.0
1.6364172,0.00018040601399138697,67.0
1.4246696,0.00010361432634532139,69.0
0.89447772,5.689446370166817e-05,69.0
1.2521897,0.0001955543533433808,78.0
1.4853308,5.507262036224725e-05,80.0
1.3057349,5.641761511271574e-05,106.0
1.486402,2.866614384008994e-05,114.0
2.0547252,0.00016581650118368169,116.0
1.788246,0.0001966237900095222,130.0
2.6143336,7.981160742984698e-05,131.0
0.71281569,9.151333184986573e-05,138.0
1.3986513,4.4752032909925905e-05,150.0
1.9190458,0.00019608144502665075,152.0
1.1732829,8.080925554182143e-05,152.0
3.3189486,0.00020002732091889134,214.0
0.55065151,5.534106619193947e-05,224.0
0.89883741,0.00013056622444840974,224.0
2.5758345,0.00012993149439159178,235.0
1.6229324,3.797009007941301e-05,235.0
1.3662522,0.00017200531315960649,236.0
2.3377476,7.339769561600901e-06,10.0
0.75435599,3.5739095395185097e-06,19.0
1.4813553,6.8197599701726615e-06,34.0
1.4293927,4.608164989010795e-06,38.0
1.6364172,1.0222364528152423e-05,67.0
1.4246696,5.871109231931625e-06,69.0
1.2521897,1.108071643907946e-05,78.0
1.4853308,3.1205855525987e-06,80.0
2.0547252,9.395677463187739e-06,116.0
1.788246,1.1141314038899959e-05,130.0
0.71281569,5.185429336073968e-06,138.0
1.9190458,1.1110583089347573e-05,152.0
3.3189486,1.133416866091977e-05,214.0
0.89883741,7.398287406538052e-06,224.0
1.3662522,9.746354752788097e-06,236.0
1.4557794,0.00037074166301946567,10.0
2.3377476,0.0015307024252004297,10.0
0.75435599,0.0007453356612458442,19.0
1.4813553,0.0014222548866167993,34.0
1.4293927,0.0009610287169375394,38.0
1.6364172,0.002131865046061864,67.0
1.4246696,0.0012244146174494098,69.0
0.89447772,0.0006723241415101196,69.0
1.2521897,0.002310873574967895,78.0
1.4853308,0.0006507953462732968,80.0
1.3057349,0.0006666892027596844,106.0
2.0547252,0.00195946019266654,116.0
1.788246,0.0023235111506067613,130.0
0.71281569,0.0010814166839731981,138.0
1.0636235,0.0011797726297504347,140.0
1.3986513,0.0005288365536718539,150.0
1.9190458,0.0023171022383631566,152.0
3.3189486,0.0023637308107962583,214.0
0.55065151,0.0006539675813247778,224.0
0.89883741,0.0015429062698049576,224.0
2.5758345,0.001535405639466328,235.0
1.6229324,0.0004486940653762554,235.0
1.3662522,0.0020325936300515765,236.0
2.3377476,7.421763676118806e-05,10.0
0.75435599,3.613834437105629e-05,19.0
1.4813553,6.895944947818895e-05,34.0
1.4293927,4.6596437724596775e-05,38.0
1.6364172,0.00010336560719290374,67.0
1.4246696,5.936696632008696e-05,69.0
0.89447772,3.259830787413951e-05,69.0
1.2521897,0.00011204501460532933,78.0
1.4853308,3.1554462722732414e-05,80.0
1.3057349,3.232509223766688e-05,106.0
2.0547252,9.500638558685932e-05,116.0
1.788246,0.00011265776008927577,130.0
0.71281569,5.2433568613509086e-05,138.0
1.0636235,5.7202454934468785e-05,140.0
1.3986513,2.5641168786491562e-05,150.0
1.9190458,0.00011234701757453274,152.0
3.3189486,0.000114607850506237,214.0
0.55065151,3.1708271709310055e-05,224.0
0.89883741,7.48093523624946e-05,224.0
2.5758345,7.444567680492877e-05,235.0
1.6229324,2.1755380152765662e-05,235.0
1.3662522,9.855233338283898e-05,236.0
1.4557794,0.0001959864306334893,10.0
2.3377476,0.0008091804471980957,10.0
0.75435599,0.00039400933437511913,19.0
1.4813553,0.0007518514547538968,34.0
1.4293927,0.0005080318905484894,38.0
1.6364172,0.001126975095183799,67.0
1.4246696,0.0006472664780509963,69.0
0.89447772,0.0003554130055147711,69.0
1.2521897,0.001221604984761121,78.0
1.4853308,0.0003440321650126811,80.0
1.3057349,0.0003524341886115368,106.0
2.0547252,0.0010358361291295194,116.0
1.788246,0.0012282856295021288,130.0
0.71281569,0.0005716729924370086,138.0
1.0636235,0.0006236672317341717,140.0
1.3986513,0.00027956067224422,150.0
1.9190458,0.0012248976643496907,152.0
3.3189486,0.0012495470857345726,214.0
0.55065151,0.0003457091144545302,224.0
0.89883741,0.0008156318072221301,224.0
2.5758345,0.0008116667234071742,235.0
1.6229324,0.00023719467513664435,235.0
1.3662522,0.0010744969077329173,236.0
0.49669542,4.058584596242427e-05,3.0
1.4557794,3.957776593049747e-05,10.0
2.3377476,0.00016340699828669203,10.0
0.75435599,7.956678000576301e-05,19.0
1.4813553,0.00015182990370594086,34.0
1.4293927,0.00010259264982970953,38.0
2.5936471,9.62278112054052e-05,40.0
0.58777735,5.265776485333241e-05,58.0
1.6364172,0.0002275828810316773,67.0
1.4246696,0.00013070987149547297,69.0
1.0064024,7.469209369276906e-05,71.0
0.49785262,3.839550241050163e-05,78.0
1.2521897,0.00024669256943007445,78.0
1.4853308,6.94743225611229e-05,80.0
1.3057349,7.117103861571456e-05,106.0
1.3613756,2.638528032200129e-05,109.0
1.486402,3.61624507900696e-05,114.0
2.0547252,0.00020917815446981996,116.0
1.788246,0.0002480416679006664,130.0
2.6143336,0.00010068264996709586,131.0
0.71281569,0.00011544442036280866,138.0
1.0636235,0.00012594420764902993,140.0
1.3986513,5.645486176614734e-05,150.0
1.9190458,0.0002473574976172929,152.0
1.1732829,0.00010194118690029246,152.0
1.0870907,0.000113471819312144,191.0
3.3189486,0.0002523352352430036,214.0
1.0568366,4.57087572419326e-05,222.0
0.55065151,6.981296800852585e-05,224.0
0.89883741,0.0001647097946901947,224.0
2.5758345,0.00016390908028044693,235.0
1.6229324,4.789941478180266e-05,235.0
1.3662522,0.00021698536459814507,236.0
3.1468225,9.718340021521682e-05,12.0
0.92239116,7.415410426504765e-05,20.0
3.6060317,5.3297709731501097e-05,20.0
2.8035747,7.359975616154424e-05,24.0
2.7367606,6.092171599069968e-05,25.0
1.3873404,1.6825970392842472e-05,26.0
1.944491,2.098969901737403e-05,31.0
3.1687925,0.00010793236967297306,31.0
0.57150117,0.0001227620569211745,32.0
6.7177873,0.00011325085336023133,32.0
2.7996933,3.861152080993737e-05,34.0
1.4323608,2.20777416911162e-05,34.0
0.75387551,4.275106566685192e-05,37.0
0.68644846,2.780550898923272e-05,44.0
1.0987342,8.806748822290042e-05,44.0
1.9396009,4.345626634644249e-05,55.0
1.4373537,4.3492302357790934e-05,65.0
1.9708849,5.4284160092443666e-05,70.0
2.2321058,5.351337388751861e-05,75.0
1.4087524,2.2707593521015926e-05,75.0
1.300431,4.062800085778961e-05,76.0
0.80023692,3.1017103951668404e-05,76.0
2.0700828,4.74231850420359e-05,78.0
1.6399455,3.0959175131563006e-05,83.0
3.2818262,0.0001236934740366212,96.0
1.9778016,2.2530601593588126e-05,100.0
2.054462,5.187140102250473e-05,110.0
1.2989363,2.740636684416193e-05,110.0
4.5411801,0.00011133125797196158,115.0
5.2036369,8.077362687840737e-05,116.0
2.1790376,3.8706961729075045e-05,118.0
1.4985217,3.178749951468014e-05,122.0
1.2538277,3.893030361055478e-05,128.0
1.5635298,0.0001231763541045704,133.0
2.1405059,8.836504069150724e-05,141.0
0.85205246,3.577835784025386e-05,141.0
1.6021372,7.347481045757659e-05,146.0
1.2045202,5.39671286444713e-05,172.0
3.3898328,3.253586695673942e-05,172.0
3.427828,3.236667850997039e-05,173.0
1.5864137,3.386595672018362e-05,174.0
1.557414,4.510095390878264e-05,176.0
1.9386309,0.00011600675444962234,189.0
1.6997595,2.447083795546279e-05,193.0
2.9882234,0.0001272292108940858,194.0
0.64628116,2.1909907934623968e-05,197.0
1.4407772,7.233186383804216e-05,201.0
3.6755646,5.905335471684025e-05,202.0
1.7255508,6.864133491748213e-05,205.0
1.9616982,0.00010365484660192643,212.0
6.9869616,0.0001159911421814685,213.0
1.4710691,1.6105504535915033e-05,222.0
1.0998522,8.774422422218423e-05,234.0
7.7848283,6.3137647570791e-05,236.0
1.8898388,6.942600178267398e-05,239.0
1.1818651,4.9290406696474875e-05,244.0
0.75055665,2.804131847575828e-05,244.0
1.4557794,5.8264584355759165e-05,10.0
2.3377476,0.00024056034018483892,10.0
0.75435599,0.00011713458949914151,19.0
1.4813553,0.00022351706884457854,34.0
1.4293927,0.0001510322262954685,38.0
1.6364172,0.00033503715174532203,67.0
1.4246696,0.00019242511937769523,69.0
0.89447772,0.00010566033053418336,69.0
1.2521897,0.000363169564617134,78.0
1.4853308,0.00010227693332994807,80.0
1.3057349,0.00010477476142525139,106.0
2.0547252,0.0003079425515803919,116.0
1.788246,0.00036515564593819755,130.0
0.71281569,0.00016995201751515454,138.0
1.0636235,0.00018540932612448558,140.0
1.3986513,8.311027614451009e-05,150.0
1.9190458,0.000364148441608895,152.0
3.3189486,0.0003714764402206249,214.0
0.55065151,0.00010277547173334202,224.0
0.89883741,0.00024247825771165263,224.0
2.5758345,0.0002412994824277339,235.0
1.6229324,7.051533676880177e-05,235.0
1.3662522,0.00031943597073658483,236.0
2.3377476,0.0007421839835804943,10.0
0.75435599,0.00036138715210803365,19.0
1.4813553,0.0006896015711727025,34.0
1.4293927,0.00046596915881841745,38.0
1.6364172,0.00103366667896605,67.0
1.4246696,0.0005936757552427597,69.0
1.2521897,0.0011204616437424113,78.0
1.4853308,0.0003155478652420094,80.0
1.3057349,0.0003232542394708078,106.0
2.0547252,0.0009500736051099097,116.0
1.788246,0.0011265891614597957,130.0
0.71281569,0.0005243410666946222,138.0
1.3986513,0.00025641431907691853,150.0
1.9190458,0.001123481704424992,152.0
3.3189486,0.0011460902657412385,214.0
0.89883741,0.0007481012003134585,224.0
2.5758345,0.0007444644074186148,235.0
1.6229324,0.00021755603399287158,235.0
1.3662522,0.0009855334469431507,236.0
1.4557794,3.200921111310766e-05,10.0
2.3377476,0.00013215827074987765,10.0
0.75435599,6.435102636331802e-05,19.0
1.4813553,0.00012279509281905548,34.0
1.4293927,8.297360171413362e-05,38.0
1.6364172,0.0001840616394938765,67.0
1.4246696,0.00010571389700502973,69.0
0.89447772,5.804733465012885e-05,69.0
1.2521897,0.00019951693455333446,78.0
1.4853308,5.6188574708950946e-05,80.0
1.3057349,5.756082352374758e-05,106.0
1.486402,2.9247015198873298e-05,114.0
2.0547252,0.00016917649466200121,116.0
1.788246,0.00020060804156107613,130.0
2.6143336,8.1428855885484e-05,131.0
0.71281569,9.336769613809891e-05,138.0
1.3986513,4.5658857849817334e-05,150.0
1.9190458,0.00020005470686613018,152.0
1.1732829,8.24467196643311e-05,152.0
3.3189486,0.0002040805393198073,214.0
0.55065151,5.6462460143450716e-05,224.0
0.89883741,0.000133211930150217,224.0
2.5758345,0.00013256433835264264,235.0
1.6229324,3.873949031477733e-05,235.0
1.3662522,0.00017549071253980625,236.0
3.1468225,4.590465501125248e-05,12.0
0.92239116,3.50267490787225e-05,20.0
3.6060317,2.5175214827802966e-05,20.0
2.8035747,3.476490231897622e-05,24.0
2.7367606,2.8776420140202922e-05,25.0
1.944491,9.91450072799277e-06,31.0
3.1687925,5.0981939131709904e-05,31.0
0.57150117,5.7986753488337706e-05,32.0
6.7177873,5.349412905618145e-05,32.0
1.4323608,1.0428438534912931e-05,34.0
0.75387551,2.0193499264835896e-05,37.0
0.68644846,1.313395389270554e-05,44.0
1.0987342,4.159874686033864e-05,44.0
1.9396009,2.0526601356742627e-05,55.0
1.4373537,2.0543622994854408e-05,65.0
1.9708849,2.5641165426408324e-05,70.0
2.2321058,2.52770839603744e-05,75.0
1.4087524,1.072594953880586e-05,75.0
1.300431,1.919066794373874e-05,76.0
0.80023692,1.4650953282107432e-05,76.0
2.0700828,2.2400378501560026e-05,78.0
1.6399455,1.4623590558676638e-05,83.0
3.2818262,5.842670909044103e-05,96.0
1.9778016,1.0642347263619362e-05,100.0
2.054462,2.4501496794877105e-05,110.0
1.2989363,1.29454187886718e-05,110.0
4.5411801,5.258740667494595e-05,115.0
5.2036369,3.8153485756308596e-05,116.0
2.1790376,1.828326361057622e-05,118.0
1.4985217,1.5014850228128423e-05,122.0
1.2538277,1.838875932276775e-05,128.0
1.5635298,5.8182447086563375e-05,133.0
2.1405059,4.173929600133273e-05,141.0
0.85205246,1.6899935275868514e-05,141.0
1.6021372,3.470588411809961e-05,146.0
1.2045202,2.5491415374293863e-05,172.0
1.5864137,1.5996611112837073e-05,174.0
1.557414,2.1303470811642693e-05,176.0
1.9386309,5.479588108866303e-05,189.0
1.6997595,1.155881942486196e-05,193.0
2.9882234,6.009681715717953e-05,194.0
1.4407772,3.4166012389493536e-05,201.0
3.6755646,2.7893898232933083e-05,202.0
1.7255508,3.2422788170828756e-05,205.0
1.9616982,4.896144776750346e-05,212.0
6.9869616,5.4788506621604434e-05,213.0
1.0998522,4.1446052857066674e-05,234.0
7.7848283,2.9823117153143163e-05,236.0
1.8898388,3.279342617758319e-05,239.0
1.1818651,2.3282362108706245e-05,244.0
0.75055665,1.3245338687880045e-05,244.0
2.3377476,0.00023655321559819996,10.0
0.75435599,0.00011518342459320841,19.0
1.4813553,0.00021979384189281832,34.0
1.4293927,0.00014851641281225507,38.0
1.6364172,0.00032945628331470454,67.0
1.4246696,0.00018921980537475936,69.0
0.89447772,0.0001039002976543221,69.0
1.2521897,0.00035712008160435597,78.0
1.4853308,0.00010057325925849655,80.0
1.3057349,0.00010302947987865986,106.0
2.0547252,0.0003028130104068041,116.0
1.788246,0.00035907307985242904,130.0
0.71281569,0.00016712104833955962,138.0
1.0636235,0.0001823208774270199,140.0
1.3986513,8.172586992574133e-05,150.0
1.9190458,0.00035808265299038845,152.0
3.3189486,0.00036528858574793243,214.0
0.55065151,0.00010106349327766744,224.0
0.89883741,0.00023843918548779647,224.0
2.5758345,0.00023728004560769677,235.0
1.6229324,6.934073026681446e-05,235.0
1.3662522,0.0003141149783767802,236.0
0.79010518,0.0006049000133166204,3.0
0.83169351,0.0003693825764542673,69.0
2.6276202,0.0007411002720334853,78.0
0.6368276,0.0003634025988861292,79.0
1.2724354,0.00044231265360362846,100.0
0.33883196,0.00038838741684600565,109.0
1.4974195,0.00035123398573905977,116.0
0.74598309,0.00018976447513424375,191.0
0.71989754,0.0003880255915857312,219.0
0.47864085,0.0005393125284089604,228.0
3.7226762,0.0005688856613275769,236.0
0.90240651,0.0003007704940193582,246.0
1.4557794,1.2544282563798701e-05,10.0
2.3377476,5.179230083401229e-05,10.0
0.75435599,2.5218911366464702e-05,19.0
1.4813553,4.8122908631738824e-05,34.0
1.4293927,3.251702460145806e-05,38.0
1.6364172,7.213302467244332e-05,67.0
1.4246696,4.142885590855344e-05,69.0
0.89447772,2.274851964809658e-05,69.0
1.2521897,7.818989335463749e-05,78.0
1.4853308,2.2020079017741358e-05,80.0
1.3057349,2.2557857872078673e-05,106.0
2.0547252,6.629959559747128e-05,116.0
1.788246,7.861749385263446e-05,130.0
0.71281569,3.659042887837985e-05,138.0
1.0636235,3.991836554891943e-05,140.0
1.3986513,1.7893524847723784e-05,150.0
1.9190458,7.840064418579205e-05,152.0
3.3189486,7.997835191732552e-05,214.0
0.55065151,2.2127413630529327e-05,224.0
0.89883741,5.220522576356296e-05,224.0
2.5758345,5.195143711297541e-05,235.0
1.6229324,1.5181852222753229e-05,235.0
1.3662522,6.877411247789979e-05,236.0
2.3377476,8.978694136517521e-05,10.0
0.75435599,4.3719411566811955e-05,19.0
1.4813553,8.342569660087622e-05,34.0
1.4293927,5.637139370614264e-05,38.0
1.6364172,0.00012504954505717172,67.0
1.4246696,7.182091153295098e-05,69.0
0.89447772,3.9436749611379486e-05,69.0
1.2521897,0.00013554971022588342,78.0
1.4853308,3.817392762601667e-05,80.0
1.3057349,3.910621906092636e-05,106.0
2.0547252,0.0001149367339659822,116.0
1.788246,0.00013629099686932508,130.0
0.71281569,6.343303231031981e-05,138.0
1.3986513,3.1020148563545076e-05,150.0
1.9190458,0.000135915067088097,152.0
3.3189486,0.00013865017538221532,214.0
0.55065151,3.836000251416913e-05,224.0
0.89883741,9.050278649738174e-05,224.0
2.5758345,9.006281943041364e-05,235.0
1.6229324,2.631920291990437e-05,235.0
1.3662522,0.00011922654728712129,236.0
1.4557794,2.5023852846034053e-05,10.0
2.3377476,0.00010331742034957634,10.0
0.75435599,5.0307725751713736e-05,19.0
1.4813553,9.599756526523174e-05,34.0
1.4293927,6.486630339195324e-05,38.0
1.6364172,0.00014389393618665085,67.0
1.4246696,8.264399247725889e-05,69.0
0.89447772,4.537968634267588e-05,69.0
1.2521897,0.00015597642793858103,78.0
1.4853308,4.3926562893935476e-05,80.0
1.3057349,4.499934635892868e-05,106.0
1.486402,2.286444992149865e-05,114.0
2.0547252,0.00013225717098964046,116.0
1.788246,0.00015682942306878038,130.0
2.6143336,6.365866687245077e-05,131.0
0.71281569,7.299209844557081e-05,138.0
1.3986513,3.569474223886584e-05,150.0
1.9190458,0.00015639684239904692,152.0
1.1732829,6.445440261642679e-05,152.0
3.3189486,0.00015954411892978124,214.0
0.55065151,4.414067841166492e-05,224.0
0.89883741,0.00010414114004984479,224.0
2.5758345,0.00010363487197002448,235.0
1.6229324,3.0285385714188463e-05,235.0
1.3662522,0.00013719343944229535,236.0
2.3377476,0.0006534508473216208,10.0
0.75435599,0.0003181808634792916,19.0
1.4813553,0.000607155019464592,34.0
1.4293927,0.0004102593809512103,38.0
1.6364172,0.0009100848066808687,67.0
1.4246696,0.0005226977863712031,69.0
0.89447772,0.0002870125327507999,69.0
1.2521897,0.0009865028438941607,78.0
1.4853308,0.0002778219747052202,80.0
2.0547252,0.0008364858525805778,116.0
1.788246,0.000991897775249435,130.0
0.71281569,0.00046165253077030575,138.0
1.3986513,0.00022575824562783307,150.0
1.9190458,0.0009891618358094465,152.0
3.3189486,0.001009067390059694,214.0
0.89883741,0.0006586606206035603,224.0
2.5758345,0.0006554586310009248,235.0
1.6229324,0.00019154573245672106,235.0
1.3662522,0.0008677062294742339,236.0
1.4120435,6.310720942060737e-05,34.0
1.1485801,5.6889261546552784e-05,141.0
1.3733672,6.462836503699251e-05,176.0
1.0669557,6.463421516230307e-05,234.0
1.1485801,8.526150032500457e-05,141.0
1.3733672,9.68603074957637e-05,176.0
1.0669557,9.686907523940258e-05,234.0
1.1485801,4.338841760976608e-05,141.0
1.3733672,4.9290892787680194e-05,176.0
1.0669557,4.929535457314089e-05,234.0
1.1485801,3.923829208945121e-05,141.0
1.3733672,4.457619233658065e-05,176.0
1.0669557,4.458022734985829e-05,234.0
1.3733672,6.517348195224234e-05,176.0
1.1485801,5.866907478580423e-05,141.0
1.3733672,6.665030057626599e-05,176.0
1.2588261,4.6619291410322456e-05,201.0
1.0669557,6.66563337261087e-05,234.0
0.28316466,5.1573323595170136e-06,12.0
0.15110271,6.3281323570212055e-06,37.0
1.4148871,7.10720246429619e-06,65.0
0.34232179,4.367401060644097e-06,66.0
1.9229318,1.0169510621559523e-05,70.0
0.79488386,8.723892290124147e-06,76.0
1.2910799,8.415429794978573e-06,110.0
0.72318039,6.042181405928543e-06,133.0
1.1485957,2.3712760286466182e-05,141.0
1.5408283,1.4923003529003562e-05,146.0
0.90234554,7.322306074611557e-06,156.0
1.4496563,7.350266426047775e-06,156.0
1.3731078,2.021854919342282e-05,176.0
1.2588271,1.721917022759302e-05,201.0
1.6692403,1.2564123097425049e-05,205.0
0.93657634,6.306178356237081e-06,211.0
0.83419367,6.135707021963014e-06,217.0
1.0686614,2.8381481016593894e-05,234.0
1.7116885,1.5445612905910444e-05,239.0
0.73689494,6.871215507752248e-06,244.0
3.0686472,6.574050840864433e-05,12.0
1.1485957,6.145280756631108e-05,141.0
1.3731078,5.239738427088763e-05,176.0
1.2588271,4.4624343250826205e-05,201.0
1.0686614,7.355203149230597e-05,234.0
1.1485801,6.407358807638492e-05,141.0
1.3733672,7.27900332480482e-05,176.0
1.2588261,5.0913795473057486e-05,201.0
1.0669557,7.279662216323438e-05,234.0
3.0686472,4.853009451498361e-05,12.0
3.3298596,4.4035077454920835e-05,20.0
1.1485957,4.536488432468569e-05,141.0
1.3731078,3.868010869641721e-05,176.0
1.2588271,3.29419964654077e-05,201.0
1.0686614,5.429661446946313e-05,234.0
3.0686472,2.821610083613853e-05,12.0
1.1485957,2.6375801722988393e-05,141.0
1.5408283,1.6598918786232608e-05,146.0
1.3731078,2.2489176216088716e-05,176.0
1.2588271,1.915295453885185e-05,201.0
1.0686614,3.1568839175829296e-05,234.0
1.7116885,1.7180219366061674e-05,239.0
1.1485957,3.0108675823869412e-05,141.0
1.0686614,3.603666553394235e-05,234.0
0.60444645,1.3688884070574628e-05,19.0
1.4120435,7.866457885570728e-05,34.0
1.3380433,2.2512753717797143e-05,38.0
1.2941754,2.2526995951759026e-05,106.0
1.4670106,2.1771465455013632e-05,114.0
1.9918197,8.905208409744088e-05,116.0
0.66798406,4.0152625915925905e-05,138.0
0.76192256,4.588043314106701e-05,140.0
1.3985923,2.7388630952257434e-05,150.0
1.1394235,4.544154775375667e-05,152.0
1.0177608,3.710013086120082e-05,191.0
0.47675658,1.3423407763273817e-05,199.0
1.5800909,2.427903080120852e-05,235.0
0.62539673,7.452097591369823e-05,69.0
0.44226457,0.00010248802357674376,79.0
1.0349867,9.845934895945529e-05,120.0
0.39280086,0.00015460805860494802,219.0
0.67323458,5.535310006479444e-05,246.0
3.0686472,3.738737578009822e-05,12.0
3.3298596,3.392443399846561e-05,20.0
0.79488386,1.2857657048434587e-05,76.0
1.1485957,3.494891148303981e-05,141.0
1.5408283,2.1994180479018357e-05,146.0
1.3731078,2.9798989132434076e-05,176.0
1.2588271,2.537837218550255e-05,201.0
1.0686614,4.182987791483022e-05,234.0
1.7116885,2.276442521784577e-05,239.0
2.2861419,5.823932648900216e-05,10.0
1.4120435,0.00010410918059765416,34.0
1.9918197,0.00011785659620581974,116.0
0.66798406,5.3140270293939137e-05,138.0
0.76192256,6.072077635530857e-05,140.0
2.5870524,6.449133463922425e-05,235.0
3.0686472,5.0459076457091505e-05,12.0
3.3298596,4.578539074152774e-05,20.0
1.1485957,4.716805498698689e-05,141.0
1.5408283,2.9683977846677637e-05,146.0
1.3731078,4.021757183016657e-05,176.0
1.2588271,3.425138019840526e-05,201.0
1.0686614,5.64548049670489e-05,234.0
1.7116885,3.072352227460867e-05,239.0
0.076121518,4.907433191440645e-06,14.0
0.66798406,1.8871761648550954e-05,138.0
0.76192256,2.2300638817313683e-05,140.0
1.9918197,7.929119676510373e-05,116.0
1.9918197,0.0002899287369796126,116.0
0.66798406,0.00013778597005461508,138.0
0.76192256,0.0001576558466947244,140.0
3.0686472,3.358385731999576e-05,12.0
1.1485957,3.139346456512605e-05,141.0
1.5408283,1.9756653246328618e-05,146.0
1.3731078,2.6767457689193853e-05,176.0
1.2588271,2.2796562013463298e-05,201.0
1.0686614,3.757441174441294e-05,234.0
1.7116885,2.0448538912827495e-05,239.0
1.4120435,0.00010293611920332804,34.0
1.4120435,0.00013089926777847544,34.0
1.9918197,0.0001481842624986794,116.0
0.66798406,6.681468849427906e-05,138.0
0.76192256,7.634586227863897e-05,140.0
2.5870524,8.108668643696286e-05,235.0
0.62539673,7.713352213727575e-05,69.0
0.39280086,0.00016002828686538823,219.0
3.0686472,3.466905405549257e-05,12.0
2.6997818,1.9116263228979515e-05,24.0
1.1485957,3.240788303818589e-05,141.0
1.5408283,2.0395050896812112e-05,146.0
1.3731078,2.763239578802764e-05,176.0
1.2588271,2.3533188376594956e-05,201.0
1.0686614,3.8788555449667796e-05,234.0
1.7116885,2.1109293496865927e-05,239.0
0.076145984,2.722821221027418e-05,14.0
0.38410276,1.2212354111931265e-05,19.0
0.60444645,2.7022875151396047e-05,19.0
0.54456095,1.2859265534223919e-05,34.0
0.040390559,5.553639824986042e-06,51.0
0.53636729,2.2000603356477433e-05,58.0
0.45468523,1.8276301277635627e-05,71.0
0.6936554,1.1363973006327886e-05,106.0
0.7090899,2.7687940376219227e-05,131.0
0.66798406,7.926426957323378e-05,138.0
0.21002813,4.925679826235545e-06,138.0
0.76192256,9.05713869933435e-05,140.0
0.47675658,2.6498805178207717e-05,199.0
0.39346561,8.617861197145588e-06,211.0
0.64841217,1.907340267164221e-05,222.0
0.069702159,1.7460869195184556e-05,223.0
3.0686472,3.541612822751778e-05,12.0
3.3298596,3.2135769881318625e-05,20.0
1.1485957,3.310623184081227e-05,141.0
1.3731078,2.82278388933218e-05,176.0
1.2588271,2.4040298757899818e-05,201.0
1.0686614,3.962439965528784e-05,234.0
2.2861419,3.987515745413021e-05,10.0
1.4120435,7.128121527188101e-05,34.0
1.9918197,8.069376165609248e-05,116.0
0.66798406,3.638394831928556e-05,138.0
1.1394235,4.117645825911626e-05,152.0
2.5870524,4.415576687089089e-05,235.0
3.0686472,7.03221993544126e-05,12.0
1.1485957,6.404989944991213e-05,141.0
1.3731078,4.829539312299095e-05,176.0
1.2588271,4.646526157808427e-05,201.0
1.0686614,8.233438043541179e-05,234.0
1.7116885,4.1866193049543936e-05,239.0
1.4120435,0.0001276375706364074,34.0
1.9918197,0.00014838683988553652,116.0
0.66798406,6.841825189163988e-05,138.0
0.76192256,7.845283932440997e-05,140.0
3.0686472,3.2494605499162316e-05,12.0
1.1485957,2.9596290133029122e-05,141.0
1.3731078,2.231642015417247e-05,176.0
1.2588271,2.1470749752659635e-05,201.0
1.0686614,3.8045215249639035e-05,234.0
3.0686472,4.236763101659322e-05,12.0
1.1485957,3.8588703588001524e-05,141.0
1.3731078,2.9096948252768103e-05,176.0
1.2588271,2.7994332880691287e-05,201.0
1.0686614,4.960471490214353e-05,234.0
0.62539673,8.866579887338707e-05,69.0
0.44226457,0.00012059723964773549,79.0
1.0349867,0.00011634085876358736,120.0
0.39280086,0.00017377171722242143,219.0
2.2861419,6.026028223273489e-05,10.0
1.4120435,0.00010772186053727999,34.0
1.9918197,0.00012194632353266167,116.0
0.66798406,5.498428431244477e-05,138.0
0.76192256,6.282784058728153e-05,140.0
1.1394235,6.22268388254795e-05,152.0
1.0177608,5.080425244347629e-05,191.0
1.1485957,1.6725852078994862e-05,141.0
1.0686614,2.1669188893948154e-05,234.0
0.38410276,1.124359662969662e-05,19.0
0.60444645,2.4879257937673743e-05,19.0
1.4120435,0.00014297121210315506,34.0
1.3380433,4.091645482164471e-05,38.0
0.95756232,3.2384894282246644e-05,71.0
1.5083043,3.519535602918662e-05,80.0
1.2941754,4.094233978133331e-05,106.0
1.3617529,2.6079100997631078e-05,109.0
1.4670106,3.956917904657951e-05,114.0
1.9918197,0.0001618502836845671,116.0
0.66798406,7.297655030804185e-05,138.0
0.76192256,8.338671907248384e-05,140.0
1.3985923,4.977825880531155e-05,150.0
1.1394235,8.258905414233473e-05,152.0
1.0177608,6.74287049593312e-05,191.0
1.5800909,4.412662614905439e-05,235.0
1.4120435,7.637870398267961e-05,34.0
1.9918197,8.879512875427504e-05,116.0
0.66798406,4.0941686544082476e-05,138.0
0.76192256,4.694641367336266e-05,140.0
3.0686472,9.966275244785707e-05,12.0
1.1485957,9.077345890471209e-05,141.0
1.5408283,5.78294185444414e-05,146.0
1.3731078,6.84456950063605e-05,176.0
1.2588271,6.585197710815024e-05,201.0
1.0686614,0.00011668677957478122,234.0
1.7116885,5.9334037788013e-05,239.0
1.1485957,3.6082040054464056e-05,141.0
1.2588271,2.706720871401352e-05,201.0
1.0686614,4.6746111225095095e-05,234.0
2.2779498,0.00028246367633139664,10.0
1.4170413,0.0006010395309877034,34.0
2.0092579,0.0004569535829132661,116.0
0.67006047,0.00025758757280813647,138.0
0.76177616,0.0002461788632582226,140.0
1.122444,0.0002485331363769358,152.0
1.016746,0.00025302107470716247,191.0
2.5019559,0.00028619027860544803,235.0
3.1066419,2.9542911268439816e-05,12.0
3.3714325,2.857554955201552e-05,20.0
1.1485801,2.8378117517926727e-05,141.0
1.3733672,3.2238620930427144e-05,176.0
1.2588261,2.2549660704121243e-05,201.0
1.0669557,3.224153915328743e-05,234.0
1.3733672,0.0001707228937015465,176.0
1.3733672,3.438958433607277e-05,176.0
1.3733672,5.160352042150944e-05,176.0
1.3733672,4.479663335269703e-05,176.0
1.0669557,4.480068832017848e-05,234.0
1.3733672,3.2514762400267525e-05,176.0
1.4029655,0.00041544319727693647,34.0
0.67047108,0.00018095505453198093,138.0
1.1376381,0.00017516414140482522,152.0
1.0169122,0.00017565478351382595,191.0
1.4029655,0.00044557947011688085,34.0
2.0089725,0.0003346825563138561,116.0
0.67047108,0.0001940815443406649,138.0
1.1376381,0.0001878705580503523,152.0
1.1485801,2.192228808645902e-05,141.0
1.3733672,2.490455313325532e-05,176.0
1.4029655,0.00030420259302845593,34.0
2.0089725,0.00022849190391415679,116.0
0.67047108,0.00013250186107522082,138.0
1.4029655,0.00045706457769800876,34.0
1.4029655,0.0004678772815175326,34.0
2.0089725,0.0003514308336027899,116.0
3.1066419,4.2381714933414336e-05,12.0
3.3714325,4.099395567941037e-05,20.0
2.7055491,2.6114193117446037e-05,24.0
0.79601826,1.5271160544778826e-05,76.0
2.7750603,2.4518146283639043e-05,89.0
1.1485801,4.071072332930641e-05,141.0
1.5325957,2.7833329118555633e-05,146.0
1.3733672,4.624893023252552e-05,176.0
1.2588261,3.234932681899331e-05,201.0
1.0669557,4.6253116661149835e-05,234.0
1.711438,2.9366856358111593e-05,239.0
1.4029655,0.0005294944065978883,34.0
1.4029655,0.00034277643809845247,34.0
2.0089725,0.0002574653956046383,116.0
1.1485957,4.220285480012973e-05,141.0
1.0686614,5.051202423867862e-05,234.0
1.2010281,0.00037452770925899446,100.0
1.1485801,9.679448730569717e-05,141.0
1.3733672,0.00010996221939077311,176.0
1.2588261,7.691429304265953e-05,201.0
1.0669557,0.00010997217311252507,234.0
1.4029655,0.0002927338207923673,34.0
2.0089725,0.0002198775079036111,116.0
1.398256,0.00017339895736693663,34.0
1.9924711,0.00013957694203186496,116.0
1.398256,0.0001308117758741116,34.0
1.9924711,0.0001052965250513532,116.0
1.3733672,8.310902750728865e-05,176.0
1.4029655,0.0004393310133496231,34.0
2.0089725,0.0003299892308261852,116.0
1.1485957,6.111591108892575e-05,141.0
1.0686614,7.314880467003958e-05,234.0
1.4113673,0.00015370359671010655,34.0
1.4113673,9.641546373161653e-05,34.0
1.4113673,7.653001170159285e-05,34.0
1.4113673,7.138198592107876e-05,34.0
1.4113673,0.00014083934316259545,34.0
2.0018245,0.00014858873186525317,116.0
1.398256,0.00010999301659972516,34.0
1.9924711,8.853853065195631e-05,116.0
1.398256,0.00017580911011082237,34.0
1.9924711,0.0001415169868564097,116.0
1.4113673,0.00010311046843625035,34.0
0.44234318,7.873692579179463e-05,79.0
1.0354122,7.589136054236176e-05,120.0
0.39282393,0.0001164630495454373,219.0
1.3733672,0.00013881347521027104,176.0
1.1485801,6.929320866620991e-05,141.0
1.3733672,7.871972077893269e-05,176.0
1.2588261,5.5061381134102245e-05,201.0
1.0669557,7.872684644628747e-05,234.0
1.1485801,4.825520596419142e-05,141.0
1.3733672,5.4819749478326356e-05,176.0
1.0669557,5.4824711732960886e-05,234.0
1.1485801,2.925002968274843e-05,141.0
1.3733672,3.322914631494407e-05,176.0
1.2588261,2.324249466212092e-05,201.0
1.0669557,3.3232154199636644e-05,234.0
1.3733672,0.00014502306782115135,176.0
1.3733672,7.126498931192901e-05,176.0
1.1485801,3.61242627591319e-05,141.0
1.3733672,4.103853656773076e-05,176.0
1.2588261,2.8704859224378236e-05,201.0
1.0669557,4.104225135428524e-05,234.0
1.1485801,3.140752352608723e-05,141.0
1.3733672,3.5680141386452646e-05,176.0
1.0669557,3.568337113391864e-05,234.0
3.3714325,4.372722223611285e-05,20.0
1.1485801,4.342510540663898e-05,141.0
1.3733672,4.933257152043644e-05,176.0
1.2588261,3.450621389321643e-05,201.0
1.0669557,4.933703707863401e-05,234.0
1.4113673,7.060295296180158e-05,34.0
1.4113673,0.0032509864980443262,34.0
1.0686614,2.0516027543081573e-05,234.0
1.4120435,6.381449085394535e-05,34.0
0.76192256,4.211942633557197e-05,140.0
1.1394235,4.14839779623022e-05,152.0
0.76192256,4.564365378729104e-05,140.0
1.1485957,6.323914614057345e-05,141.0
1.0686614,8.129217940178563e-05,234.0
1.9918197,0.0001375006629971977,116.0
1.4120435,8.617363751810085e-05,34.0
1.9918197,0.00010053107147564364,116.0
0.66798406,4.777646861847808e-05,138.0
1.4113673,0.0004343142565426526,34.0
1.1485957,4.511977053972659e-05,141.0
1.0686614,5.800022146297745e-05,234.0
1.0686614,2.3979486664818615e-05,234.0
2.2779498,0.0008526798044155752,10.0
1.4170413,0.0018143722987140729,34.0
2.0092579,0.0013794166271784483,116.0
0.67006047,0.0007775857202404835,138.0
0.76177616,0.0007431459779203374,140.0
1.016746,0.0007638007240307964,191.0
1.4170413,0.00031610580400933574,34.0
2.0092579,0.00024032642159888126,116.0
0.67006047,0.0001354734965128195,138.0
1.4170413,0.0017052022343982452,34.0
2.0092579,0.0012964176737585169,116.0
2.2779498,0.000526864507158438,10.0
1.4170413,0.0011210871443344428,34.0
2.0092579,0.0008523312709894092,116.0
0.67006047,0.00048046443125123237,138.0
0.76177616,0.0004591843707054049,140.0
1.016746,0.0004719467846544819,191.0
3.1158358,0.00027052913314743436,12.0
3.3368212,0.0004310379704888892,20.0
2.1363687,0.00029633908386781364,141.0
1.5383685,0.00019654410819853197,146.0
1.2588281,0.00024050617579690075,201.0
2.3705816,0.0002750419673139406,211.0
1.0667879,0.00028978749635821214,234.0
1.7114164,0.00025633811473728526,239.0
